CPUID:,0xA20F12
Processor:,AMD Ryzen 5 5600X 6-Core (Vermeer) 
Platform:,Socket AM4 (1331 pin)
Revision:,VMR-B2
Lithography:,7nm

Session start:,21:25:54 - June 30 - 2025

Time,Core 0 Temp. (°),Core 1 Temp. (°),Core 2 Temp. (°),Core 3 Temp. (°),Core 4 Temp. (°),Core 5 Temp. (°),,Core 0,Low temp. (°),High temp. (°),Core load (%),Core speed (MHz),Core 1,Low temp. (°),High temp. (°),Core load (%),Core speed (MHz),Core 2,Low temp. (°),High temp. (°),Core load (%),Core speed (MHz),Core 3,Low temp. (°),High temp. (°),Core load (%),Core speed (MHz),Core 4,Low temp. (°),High temp. (°),Core load (%),Core speed (MHz),Core 5,Low temp. (°),High temp. (°),Core load (%),Core speed (MHz),CPU 0 Power,
21:26:04 06/30/25,65,65,65,65,65,65,,,65,71,3,4641.28,,65,71,4,4641.28,,65,71,1,3713.02,,65,71,2,3713.02,,65,71,1,4641.28,,65,71,3,4641.28,36.4,
21:26:14 06/30/25,63,63,63,63,63,63,,,63,71,5,4641.28,,63,71,4,4641.28,,63,71,0,4641.28,,63,71,8,4641.28,,63,71,0,3713.02,,63,71,5,3713.02,31.2,
21:26:24 06/30/25,63,63,63,63,63,63,,,62,71,6,4641.28,,62,71,2,4641.28,,62,71,0,3713.02,,62,71,3,3713.02,,62,71,3,3713.02,,62,71,3,3713.02,35.7,
21:26:34 06/30/25,62,62,62,62,62,62,,,62,71,4,4641.28,,62,71,2,4641.28,,62,71,1,3713.02,,62,71,2,3713.02,,62,71,0,3713.02,,62,71,1,3713.02,32.2,
21:26:44 06/30/25,62,62,62,62,62,62,,,62,71,4,4641.28,,62,71,1,4641.28,,62,71,1,3713.02,,62,71,7,3713.02,,62,71,0,3713.02,,62,71,4,3713.02,34.6,
21:26:54 06/30/25,65,65,65,65,65,65,,,62,71,8,4641.28,,62,71,3,4641.28,,62,71,0,3713.02,,62,71,4,3713.02,,62,71,0,3713.02,,62,71,4,3713.02,33.1,
21:27:04 06/30/25,63,63,63,63,63,63,,,62,71,7,3713.02,,62,71,3,3713.02,,62,71,1,3713.02,,62,71,4,3713.02,,62,71,2,4641.28,,62,71,5,4641.28,31.3,
21:27:14 06/30/25,62,62,62,62,62,62,,,62,71,5,4641.28,,62,71,4,4641.28,,62,71,1,4641.28,,62,71,3,4641.28,,62,71,3,3713.02,,62,71,3,3713.02,34.9,
21:27:24 06/30/25,62,62,62,62,62,62,,,62,71,4,4641.28,,62,71,1,4641.28,,62,71,1,4641.28,,62,71,2,4641.28,,62,71,2,4641.28,,62,71,0,4641.28,32.5,
21:27:34 06/30/25,62,62,62,62,62,62,,,62,71,4,3713.02,,62,71,3,3713.02,,62,71,1,4641.28,,62,71,3,4641.28,,62,71,1,3713.02,,62,71,5,3713.02,33.5,
21:27:44 06/30/25,62,62,62,62,62,62,,,62,71,4,3593.25,,62,71,3,4641.28,,62,71,1,4641.28,,62,71,5,4641.28,,62,71,1,4641.28,,62,71,3,4641.28,32.3,
21:27:54 06/30/25,62,62,62,62,62,62,,,62,71,8,3593.25,,62,71,5,3593.25,,62,71,1,3593.25,,62,71,5,3593.25,,62,71,2,3593.25,,62,71,5,3593.25,31.6,
21:28:04 06/30/25,64,64,64,64,64,64,,,62,71,10,3593.25,,62,71,5,3593.25,,62,71,2,3593.25,,62,71,6,3593.25,,62,71,2,3593.25,,62,71,2,3593.25,34.8,
21:28:14 06/30/25,62,62,62,62,62,62,,,62,71,5,3593.25,,62,71,4,3593.25,,62,71,2,3593.25,,62,71,5,3593.25,,62,71,1,3593.25,,62,71,2,3593.25,31.2,
21:28:24 06/30/25,62,62,62,62,62,62,,,62,71,4,4641.28,,62,71,1,4641.28,,62,71,0,3713.02,,62,71,3,4641.28,,62,71,1,3713.02,,62,71,2,3713.02,33.0,
21:28:34 06/30/25,62,62,62,62,62,62,,,62,71,6,3593.25,,62,71,2,3593.25,,62,71,0,3593.25,,62,71,2,3593.25,,62,71,0,3593.25,,62,71,4,3713.02,31.7,
21:28:44 06/30/25,62,62,62,62,62,62,,,62,71,7,3593.25,,62,71,3,3593.25,,62,71,2,3593.25,,62,71,3,3593.25,,62,71,0,3593.25,,62,71,2,3713.02,30.9,
21:28:54 06/30/25,64,64,64,64,64,64,,,62,71,2,3593.25,,62,71,2,3593.25,,62,71,0,3593.25,,62,71,3,3593.25,,62,71,2,3593.25,,62,71,2,3593.25,35.1,
21:29:04 06/30/25,62,62,62,62,62,62,,,62,71,7,3653.13,,62,71,4,3633.17,,62,71,2,3633.17,,62,71,4,3633.17,,62,71,1,3633.17,,62,71,5,3633.17,31.5,
21:29:14 06/30/25,61,61,61,61,61,61,,,61,71,3,3593.25,,61,71,5,3593.25,,61,71,0,3593.25,,61,71,9,3593.25,,61,71,1,3593.25,,61,71,1,3593.25,35.4,
21:29:24 06/30/25,62,62,62,62,62,62,,,61,71,10,3593.25,,61,71,7,3593.25,,61,71,2,3593.25,,61,71,4,3593.25,,61,71,5,3713.02,,61,71,4,3713.02,32.0,
21:29:34 06/30/25,61,61,61,61,61,61,,,61,71,8,3593.25,,61,71,2,3593.25,,61,71,0,3593.25,,61,71,3,3593.25,,61,71,0,3593.25,,61,71,2,3713.02,34.0,
21:29:44 06/30/25,62,62,62,62,62,62,,,61,71,9,4641.28,,61,71,5,4641.28,,61,71,1,4641.28,,61,71,8,4641.28,,61,71,3,3713.02,,61,71,5,3713.02,33.2,
21:29:54 06/30/25,62,62,62,62,62,62,,,61,71,6,3593.25,,61,71,1,3593.25,,61,71,0,3593.25,,61,71,0,3593.25,,61,71,0,3593.25,,61,71,2,3593.25,31.1,
21:30:04 06/30/25,63,63,63,63,63,63,,,61,71,7,3593.25,,61,71,1,3593.25,,61,71,0,3593.25,,61,71,3,4641.28,,61,71,4,3713.02,,61,71,1,3713.02,31.4,
21:30:14 06/30/25,64,64,64,64,64,64,,,61,71,5,4641.28,,61,71,4,4641.28,,61,71,1,3593.25,,61,71,7,3593.25,,61,71,2,3593.25,,61,71,5,3593.25,31.3,
21:30:24 06/30/25,62,62,62,62,62,62,,,61,71,3,3593.25,,61,71,0,3593.25,,61,71,2,3593.25,,61,71,2,3593.25,,61,71,1,3593.25,,61,71,1,3593.25,36.4,
21:30:34 06/30/25,61,61,61,61,61,61,,,61,71,5,3593.25,,61,71,4,3593.25,,61,71,0,3593.25,,61,71,5,3593.25,,61,71,1,3593.25,,61,71,1,3593.25,30.8,
21:30:44 06/30/25,61,61,61,61,61,61,,,61,71,6,3593.25,,61,71,2,3593.25,,61,71,0,3593.25,,61,71,6,3593.25,,61,71,3,3593.25,,61,71,3,3593.25,35.6,
21:30:54 06/30/25,61,61,61,61,61,61,,,61,71,15,3593.25,,61,71,6,3593.25,,61,71,7,3593.25,,61,71,7,3593.25,,61,71,6,3593.25,,61,71,8,3593.25,35.1,
21:31:04 06/30/25,62,62,62,62,62,62,,,61,71,7,3593.25,,61,71,4,3593.25,,61,71,0,3593.25,,61,71,3,3593.25,,61,71,0,3593.25,,61,71,2,3593.25,35.7,
21:31:14 06/30/25,61,61,61,61,61,61,,,61,71,8,3593.25,,61,71,4,3593.25,,61,71,3,4641.28,,61,71,9,4641.28,,61,71,8,3713.02,,61,71,5,3713.02,36.7,
21:31:24 06/30/25,62,62,62,62,62,62,,,61,71,4,4641.28,,61,71,1,4641.28,,61,71,0,3713.02,,61,71,2,3713.02,,61,71,0,3713.02,,61,71,1,3713.02,31.9,
21:31:34 06/30/25,62,62,62,62,62,62,,,61,71,4,3593.25,,61,71,2,3593.25,,61,71,0,3593.25,,61,71,2,3593.25,,61,71,1,3593.25,,61,71,4,3593.25,31.4,
21:31:44 06/30/25,62,62,62,62,62,62,,,61,71,3,3593.25,,61,71,5,3593.25,,61,71,0,3593.25,,61,71,7,3593.25,,61,71,2,3593.25,,61,71,3,3593.25,30.9,
21:31:54 06/30/25,64,64,64,64,64,64,,,61,71,6,3593.25,,61,71,4,3593.25,,61,71,1,3593.25,,61,71,3,3593.25,,61,71,0,3593.25,,61,71,4,3593.25,33.5,
21:32:04 06/30/25,63,63,63,63,63,63,,,61,71,9,3593.25,,61,71,9,3593.25,,61,71,8,3593.25,,61,71,14,3593.25,,61,71,5,3593.25,,61,71,7,3593.25,40.8,
21:32:14 06/30/25,63,63,63,63,63,63,,,61,71,9,3593.25,,61,71,7,3593.25,,61,71,0,3593.25,,61,71,5,3593.25,,61,71,0,3593.25,,61,71,1,3593.25,35.6,
21:32:24 06/30/25,62,62,62,62,62,62,,,61,71,5,3593.25,,61,71,5,3593.25,,61,71,1,3593.25,,61,71,6,4641.28,,61,71,2,3713.02,,61,71,4,3713.02,33.5,
21:32:34 06/30/25,63,63,63,63,63,63,,,61,71,6,4641.28,,61,71,6,4641.28,,61,71,0,3713.02,,61,71,4,3713.02,,61,71,2,3713.02,,61,71,5,3713.02,34.9,
21:32:44 06/30/25,62,62,62,62,62,62,,,61,71,3,3593.25,,61,71,5,3593.25,,61,71,0,3593.25,,61,71,5,3593.25,,61,71,1,3593.25,,61,71,0,3593.25,35.3,
21:32:54 06/30/25,63,63,63,63,63,63,,,61,71,5,3593.25,,61,71,2,3593.25,,61,71,0,3593.25,,61,71,2,3593.25,,61,71,0,3593.25,,61,71,4,3593.25,35.0,
21:33:04 06/30/25,64,64,64,64,64,64,,,61,71,5,4641.28,,61,71,0,4641.28,,61,71,3,3713.02,,61,71,5,3713.02,,61,71,2,3713.02,,61,71,1,3713.02,35.8,
21:33:14 06/30/25,61,61,61,61,61,61,,,61,71,6,3593.25,,61,71,1,3593.25,,61,71,1,3713.02,,61,71,5,3713.02,,61,71,1,3713.02,,61,71,4,3713.02,33.8,
21:33:24 06/30/25,62,62,62,62,62,62,,,61,71,6,3593.25,,61,71,0,3593.25,,61,71,2,3593.25,,61,71,2,3593.25,,61,71,2,3593.25,,61,71,2,3593.25,36.4,
21:33:34 06/30/25,63,63,63,63,63,63,,,61,71,12,3593.25,,61,71,9,3593.25,,61,71,2,3593.25,,61,71,8,3593.25,,61,71,2,3593.25,,61,71,6,3593.25,39.7,
21:33:44 06/30/25,62,62,62,62,62,62,,,61,71,7,3593.25,,61,71,4,3593.25,,61,71,1,3593.25,,61,71,6,3593.25,,61,71,4,3593.25,,61,71,6,3713.02,36.4,
21:33:54 06/30/25,66,66,66,66,66,66,,,61,71,3,3593.25,,61,71,7,3593.25,,61,71,3,3593.25,,61,71,13,3593.25,,61,71,6,3593.25,,61,71,2,3593.25,33.1,
21:34:04 06/30/25,64,64,64,64,64,64,,,61,71,8,4641.28,,61,71,5,4641.28,,61,71,0,3713.02,,61,71,5,3713.02,,61,71,2,3713.02,,61,71,4,3713.02,36.3,
21:34:14 06/30/25,62,62,62,62,62,62,,,61,71,6,4641.28,,61,71,5,4641.28,,61,71,1,4641.28,,61,71,6,4641.28,,61,71,2,3713.02,,61,71,0,3713.02,33.4,
21:34:24 06/30/25,63,63,63,63,63,63,,,61,71,6,3713.02,,61,71,2,3713.02,,61,71,0,3713.02,,61,71,8,3713.02,,61,71,4,3713.02,,61,71,1,3713.02,33.3,
21:34:34 06/30/25,62,62,62,62,62,62,,,61,71,2,4641.28,,61,71,1,4641.28,,61,71,0,4641.28,,61,71,5,4641.28,,61,71,0,3713.02,,61,71,2,3713.02,31.8,
21:34:44 06/30/25,61,61,61,61,61,61,,,61,71,6,3593.25,,61,71,3,3593.25,,61,71,0,3593.25,,61,71,5,3593.25,,61,71,3,3593.25,,61,71,1,3713.02,32.9,
21:34:54 06/30/25,61,61,61,61,61,61,,,61,71,5,3593.25,,61,71,4,3593.25,,61,71,2,3593.25,,61,71,6,3593.25,,61,71,2,3593.25,,61,71,4,3593.25,32.7,
21:35:04 06/30/25,63,63,63,63,63,63,,,61,71,2,3593.25,,61,71,1,3593.25,,61,71,1,3593.25,,61,71,2,3593.25,,61,71,2,3593.25,,61,71,4,3593.25,33.9,
21:35:14 06/30/25,62,62,62,62,62,62,,,61,71,5,3593.25,,61,71,4,3593.25,,61,71,1,3593.25,,61,71,4,3593.25,,61,71,1,3713.02,,61,71,4,3713.02,36.5,
21:35:24 06/30/25,62,62,62,62,62,62,,,61,71,11,3593.25,,61,71,5,3593.25,,61,71,2,3593.25,,61,71,9,3593.25,,61,71,3,3593.25,,61,71,2,3593.25,36.2,
21:35:34 06/30/25,65,65,65,65,65,65,,,61,71,5,4641.28,,61,71,6,4641.28,,61,71,1,3713.02,,61,71,7,3713.02,,61,71,5,3713.02,,61,71,3,3713.02,37.1,
21:35:44 06/30/25,62,62,62,62,62,62,,,61,71,9,4641.28,,61,71,1,4641.28,,61,71,1,3713.02,,61,71,7,3713.02,,61,71,0,3713.02,,61,71,2,3713.02,32.7,
21:35:54 06/30/25,63,63,63,63,63,63,,,61,71,2,3593.25,,61,71,2,3593.25,,61,71,0,3593.25,,61,71,9,3593.25,,61,71,2,3593.25,,61,71,4,3593.25,37.6,
21:36:04 06/30/25,62,62,62,62,62,62,,,61,71,3,4641.28,,61,71,2,4641.28,,61,71,2,3593.25,,61,71,5,3593.25,,61,71,3,3593.25,,61,71,3,3593.25,32.2,
21:36:14 06/30/25,62,62,62,62,62,62,,,61,71,4,3593.25,,61,71,2,3593.25,,61,71,1,3593.25,,61,71,7,3593.25,,61,71,1,3593.25,,61,71,2,3593.25,32.9,
21:36:24 06/30/25,63,63,63,63,63,63,,,61,71,6,3593.25,,61,71,4,3593.25,,61,71,3,3593.25,,61,71,7,3593.25,,61,71,3,3593.25,,61,71,7,3593.25,33.7,
21:36:34 06/30/25,63,63,63,63,63,63,,,61,71,7,3593.25,,61,71,2,3593.25,,61,71,2,3593.25,,61,71,6,3593.25,,61,71,1,3713.02,,61,71,4,3713.02,32.6,
21:36:44 06/30/25,62,62,62,62,62,62,,,61,71,6,3593.25,,61,71,6,3593.25,,61,71,0,3593.25,,61,71,3,3593.25,,61,71,1,3593.25,,61,71,0,3593.25,34.9,
21:36:54 06/30/25,64,64,64,64,64,64,,,61,71,4,3593.25,,61,71,4,3593.25,,61,71,1,3593.25,,61,71,7,3593.25,,61,71,4,3593.25,,61,71,2,3593.25,33.8,
21:37:04 06/30/25,63,63,63,63,63,63,,,61,71,7,3593.25,,61,71,4,3593.25,,61,71,0,3593.25,,61,71,3,3593.25,,61,71,2,3593.25,,61,71,2,3593.25,35.1,
21:37:14 06/30/25,62,62,62,62,62,62,,,61,71,12,3593.25,,61,71,7,3593.25,,61,71,2,3593.25,,61,71,5,3593.25,,61,71,5,3593.25,,61,71,3,3593.25,31.9,
21:37:24 06/30/25,62,62,62,62,62,62,,,61,71,5,4641.28,,61,71,1,4641.28,,61,71,0,3713.02,,61,71,2,3713.02,,61,71,0,3713.02,,61,71,2,3713.02,32.9,
21:37:34 06/30/25,61,61,61,61,61,61,,,61,71,7,3593.25,,61,71,1,3593.25,,61,71,1,3593.25,,61,71,6,3593.25,,61,71,1,3593.25,,61,71,3,3593.25,34.4,
21:37:44 06/30/25,61,61,61,61,61,61,,,61,71,6,3713.02,,61,71,4,3713.02,,61,71,1,4641.28,,61,71,9,4641.28,,61,71,2,3713.02,,61,71,2,3713.02,34.8,
21:37:54 06/30/25,61,61,61,61,61,61,,,61,71,3,3713.02,,61,71,6,3593.25,,61,71,3,3593.25,,61,71,5,3593.25,,61,71,3,3593.25,,61,71,4,3593.25,36.4,
21:38:04 06/30/25,64,64,64,64,64,64,,,61,71,6,3593.25,,61,71,2,3593.25,,61,71,1,3593.25,,61,71,1,3593.25,,61,71,1,3593.25,,61,71,3,3593.25,32.2,
21:38:14 06/30/25,62,62,62,62,62,62,,,61,71,3,3713.02,,61,71,1,3713.02,,61,71,2,3713.02,,61,71,2,3713.02,,61,71,1,3713.02,,61,71,1,3713.02,34.8,
21:38:24 06/30/25,65,65,65,65,65,65,,,61,71,7,3633.17,,61,71,2,3633.17,,61,71,0,3633.17,,61,71,4,3633.17,,61,71,2,4541.46,,61,71,2,4541.46,33.3,
21:38:34 06/30/25,63,63,63,63,63,63,,,61,71,5,3593.25,,61,71,5,3593.25,,61,71,2,3593.25,,61,71,8,3593.25,,61,71,2,3593.25,,61,71,4,3593.25,35.9,
21:38:44 06/30/25,62,62,62,62,62,62,,,61,71,4,3713.02,,61,71,4,3713.02,,61,71,1,3713.02,,61,71,1,3713.02,,61,71,2,3593.25,,61,71,2,3593.25,31.0,
21:38:54 06/30/25,65,65,65,65,65,65,,,61,71,6,3593.25,,61,71,1,3593.25,,61,71,0,3593.25,,61,71,2,3593.25,,61,71,0,3593.25,,61,71,3,3593.25,35.6,
21:39:04 06/30/25,62,62,62,62,62,62,,,61,71,7,3593.25,,61,71,2,3593.25,,61,71,2,3593.25,,61,71,6,3593.25,,61,71,3,3593.25,,61,71,7,3593.25,36.3,
21:39:14 06/30/25,61,61,61,61,61,61,,,61,71,6,3593.25,,61,71,0,3593.25,,61,71,0,3593.25,,61,71,5,3593.25,,61,71,2,3593.25,,61,71,3,3593.25,31.3,
21:39:24 06/30/25,62,62,62,62,62,62,,,61,71,10,3593.25,,61,71,10,3593.25,,61,71,5,3593.25,,61,71,12,3593.25,,61,71,6,3593.25,,61,71,6,3593.25,37.4,
21:39:34 06/30/25,61,61,61,61,61,61,,,61,71,5,3593.25,,61,71,3,3593.25,,61,71,1,3593.25,,61,71,6,3593.25,,61,71,1,3713.02,,61,71,0,3713.02,31.0,
21:39:44 06/30/25,61,61,61,61,61,61,,,61,71,5,3593.25,,61,71,1,3593.25,,61,71,1,3593.25,,61,71,4,3593.25,,61,71,1,3593.25,,61,71,3,3593.25,34.6,
21:39:54 06/30/25,61,61,61,61,61,61,,,61,71,7,3593.25,,61,71,1,3593.25,,61,71,0,3593.25,,61,71,3,3593.25,,61,71,2,3593.25,,61,71,2,3593.25,31.8,
21:40:04 06/30/25,61,61,61,61,61,61,,,61,71,8,3593.25,,61,71,3,3593.25,,61,71,0,3593.25,,61,71,7,3593.25,,61,71,0,3593.25,,61,71,1,3593.25,32.0,
21:40:14 06/30/25,60,60,60,60,60,60,,,60,71,8,3593.25,,60,71,5,3593.25,,60,71,2,3593.25,,60,71,6,3593.25,,60,71,6,3593.25,,60,71,3,3593.25,31.9,
21:40:24 06/30/25,61,61,61,61,61,61,,,60,71,5,3593.25,,60,71,4,3593.25,,60,71,0,3593.25,,60,71,2,3593.25,,60,71,3,3593.25,,60,71,2,3593.25,32.7,
21:40:34 06/30/25,62,62,62,62,62,62,,,60,71,4,3593.25,,60,71,4,3593.25,,60,71,2,3593.25,,60,71,7,3593.25,,60,71,2,3593.25,,60,71,3,3593.25,31.5,
21:40:44 06/30/25,61,61,61,61,61,61,,,60,71,2,3593.25,,60,71,1,3593.25,,60,71,0,3593.25,,60,71,5,3593.25,,60,71,0,3593.25,,60,71,2,3593.25,31.2,
21:40:54 06/30/25,60,60,60,60,60,60,,,60,71,5,3593.25,,60,71,3,3593.25,,60,71,2,3593.25,,60,71,6,3593.25,,60,71,3,3713.02,,60,71,4,3713.02,34.9,
21:41:04 06/30/25,61,61,61,61,61,61,,,60,71,3,3593.25,,60,71,2,3593.25,,60,71,0,3593.25,,60,71,1,3593.25,,60,71,1,3593.25,,60,71,2,3593.25,33.0,
21:41:14 06/30/25,61,61,61,61,61,61,,,60,71,3,3593.25,,60,71,5,3593.25,,60,71,0,3593.25,,60,71,5,3593.25,,60,71,3,3593.25,,60,71,2,3593.25,35.2,
21:41:24 06/30/25,62,62,62,62,62,62,,,60,71,3,3593.25,,60,71,3,3593.25,,60,71,0,3593.25,,60,71,6,3593.25,,60,71,3,3593.25,,60,71,0,3713.02,37.8,
21:41:34 06/30/25,62,62,62,62,62,62,,,60,71,7,3593.25,,60,71,2,3593.25,,60,71,1,3593.25,,60,71,4,3593.25,,60,71,2,3593.25,,60,71,1,3593.25,34.9,
21:41:44 06/30/25,62,62,62,62,62,62,,,60,71,3,3593.25,,60,71,2,3593.25,,60,71,1,3593.25,,60,71,9,3593.25,,60,71,1,3593.25,,60,71,1,3713.02,35.5,
21:41:54 06/30/25,65,65,65,65,65,65,,,60,71,9,3593.25,,60,71,2,3593.25,,60,71,0,3593.25,,60,71,5,3593.25,,60,71,1,3593.25,,60,71,3,3593.25,30.9,
21:42:04 06/30/25,63,63,63,63,63,63,,,60,71,4,3593.25,,60,71,2,3593.25,,60,71,0,4641.28,,60,71,5,4641.28,,60,71,0,3713.02,,60,71,2,3713.02,35.4,
21:42:14 06/30/25,62,62,62,62,62,62,,,60,71,3,3713.02,,60,71,2,3713.02,,60,71,0,4641.28,,60,71,1,4641.28,,60,71,0,3713.02,,60,71,0,3713.02,30.7,
21:42:24 06/30/25,62,62,62,62,62,62,,,60,71,2,3593.25,,60,71,1,3593.25,,60,71,0,3593.25,,60,71,1,3593.25,,60,71,1,3593.25,,60,71,2,3593.25,36.2,
21:42:34 06/30/25,62,62,62,62,62,62,,,60,71,4,3593.25,,60,71,7,3593.25,,60,71,1,3593.25,,60,71,6,3593.25,,60,71,1,3593.25,,60,71,3,3593.25,32.9,
21:42:44 06/30/25,62,62,62,62,62,62,,,60,71,5,3593.25,,60,71,2,3593.25,,60,71,0,3593.25,,60,71,4,3593.25,,60,71,0,3593.25,,60,71,2,3593.25,35.0,
21:42:54 06/30/25,61,61,61,61,61,61,,,60,71,2,3593.25,,60,71,1,3593.25,,60,71,0,3593.25,,60,71,3,3593.25,,60,71,0,3593.25,,60,71,2,3593.25,31.7,
21:43:04 06/30/25,67,67,67,67,67,67,,,60,71,10,3593.25,,60,71,11,3593.25,,60,71,7,3593.25,,60,71,9,3593.25,,60,71,8,3593.25,,60,71,7,3593.25,38.1,
21:43:14 06/30/25,64,64,64,64,64,64,,,60,71,5,3593.25,,60,71,6,3593.25,,60,71,1,3593.25,,60,71,10,3593.25,,60,71,4,3713.02,,60,71,5,3713.02,37.1,
21:43:24 06/30/25,65,65,65,65,65,65,,,60,71,3,3593.25,,60,71,6,3593.25,,60,71,0,3593.25,,60,71,1,3593.25,,60,71,3,3593.25,,60,71,2,3593.25,32.5,
21:43:34 06/30/25,64,64,64,64,64,64,,,60,71,10,3593.25,,60,71,5,3593.25,,60,71,1,3593.25,,60,71,4,3593.25,,60,71,5,3593.25,,60,71,1,3593.25,36.9,
21:43:44 06/30/25,64,64,64,64,64,64,,,60,71,7,4641.28,,60,71,1,4641.28,,60,71,1,4641.28,,60,71,2,4641.28,,60,71,0,3713.02,,60,71,2,3713.02,31.1,
21:43:54 06/30/25,65,65,65,65,65,65,,,60,71,2,3713.02,,60,71,2,3713.02,,60,71,0,3713.02,,60,71,6,3713.02,,60,71,3,3713.02,,60,71,2,3713.02,34.5,
21:44:04 06/30/25,62,62,62,62,62,62,,,60,71,2,3593.25,,60,71,4,3593.25,,60,71,1,3593.25,,60,71,1,4641.28,,60,71,1,3713.02,,60,71,1,3713.02,31.3,
21:44:14 06/30/25,61,61,61,61,61,61,,,60,71,3,3593.25,,60,71,3,3713.02,,60,71,0,3713.02,,60,71,3,3713.02,,60,71,2,3713.02,,60,71,1,3713.02,32.7,
21:44:24 06/30/25,62,62,62,62,62,62,,,60,71,6,4641.28,,60,71,3,4641.28,,60,71,2,4641.28,,60,71,8,4641.28,,60,71,0,3713.02,,60,71,1,3713.02,34.7,
21:44:34 06/30/25,61,61,61,61,61,61,,,60,71,4,3593.25,,60,71,2,3593.25,,60,71,0,3593.25,,60,71,3,3593.25,,60,71,1,3593.25,,60,71,2,3593.25,32.0,
21:44:44 06/30/25,61,61,61,61,61,61,,,60,71,3,4641.28,,60,71,2,4641.28,,60,71,1,3713.02,,60,71,5,4641.28,,60,71,3,3713.02,,60,71,4,3713.02,31.1,
21:44:54 06/30/25,61,61,61,61,61,61,,,60,71,1,3593.25,,60,71,4,3593.25,,60,71,2,3593.25,,60,71,3,3593.25,,60,71,3,3593.25,,60,71,1,3593.25,35.1,
21:45:04 06/30/25,60,60,60,60,60,60,,,60,71,11,3593.25,,60,71,6,3593.25,,60,71,2,3593.25,,60,71,6,3593.25,,60,71,4,3593.25,,60,71,7,3593.25,34.8,
21:45:14 06/30/25,61,61,61,61,61,61,,,60,71,7,3593.25,,60,71,1,3593.25,,60,71,0,3593.25,,60,71,3,3593.25,,60,71,1,3593.25,,60,71,2,3593.25,34.4,
21:45:24 06/30/25,61,61,61,61,61,61,,,60,71,7,3593.25,,60,71,3,3593.25,,60,71,0,3593.25,,60,71,7,3593.25,,60,71,1,3713.02,,60,71,0,3713.02,36.9,
21:45:34 06/30/25,65,65,65,65,65,65,,,60,71,8,3593.25,,60,71,6,3593.25,,60,71,2,3593.25,,60,71,5,3593.25,,60,71,2,3593.25,,60,71,4,3593.25,34.0,
21:45:44 06/30/25,62,62,62,62,62,62,,,60,71,6,3593.25,,60,71,4,3593.25,,60,71,0,3593.25,,60,71,5,3593.25,,60,71,1,3593.25,,60,71,3,3593.25,31.7,
21:45:54 06/30/25,63,63,63,63,63,63,,,60,71,7,3713.02,,60,71,5,3713.02,,60,71,3,4641.28,,60,71,5,4641.28,,60,71,0,3713.02,,60,71,4,3713.02,33.8,
21:46:04 06/30/25,63,63,63,63,63,63,,,60,71,4,3593.25,,60,71,2,3593.25,,60,71,0,3593.25,,60,71,11,3593.25,,60,71,0,3593.25,,60,71,1,3593.25,35.5,
21:46:14 06/30/25,61,61,61,61,61,61,,,60,71,6,3593.25,,60,71,5,3593.25,,60,71,1,3593.25,,60,71,7,3593.25,,60,71,0,3593.25,,60,71,1,3593.25,36.8,
21:46:24 06/30/25,62,62,62,62,62,62,,,60,71,9,3713.02,,60,71,4,3713.02,,60,71,1,3713.02,,60,71,8,4641.28,,60,71,2,3713.02,,60,71,0,3713.02,36.5,
21:46:34 06/30/25,62,62,62,62,62,62,,,60,71,7,3593.25,,60,71,4,3593.25,,60,71,0,3593.25,,60,71,3,3593.25,,60,71,3,3593.25,,60,71,0,3593.25,33.3,
21:46:44 06/30/25,62,62,62,62,62,62,,,60,71,2,3593.25,,60,71,0,3593.25,,60,71,0,3593.25,,60,71,5,3593.25,,60,71,0,3593.25,,60,71,0,3593.25,34.4,
21:46:54 06/30/25,63,63,63,63,63,63,,,60,71,2,3593.25,,60,71,2,3593.25,,60,71,0,3593.25,,60,71,7,3593.25,,60,71,2,3593.25,,60,71,2,3593.25,34.8,
21:47:04 06/30/25,62,62,62,62,62,62,,,60,71,3,4641.28,,60,71,1,4641.28,,60,71,0,4641.28,,60,71,6,4641.28,,60,71,0,3713.02,,60,71,0,3713.02,32.4,
21:47:14 06/30/25,62,62,62,62,62,62,,,60,71,4,3593.25,,60,71,4,3593.25,,60,71,0,3593.25,,60,71,7,3593.25,,60,71,0,3593.25,,60,71,2,3593.25,33.0,
21:47:24 06/30/25,62,62,62,62,62,62,,,60,71,4,4641.28,,60,71,1,4641.28,,60,71,0,3713.02,,60,71,6,4641.28,,60,71,2,3713.02,,60,71,3,3713.02,34.3,
21:47:34 06/30/25,62,62,62,62,62,62,,,60,71,4,4641.28,,60,71,3,4641.28,,60,71,0,3713.02,,60,71,5,3713.02,,60,71,1,3713.02,,60,71,3,3713.02,34.5,
21:47:44 06/30/25,63,63,63,63,63,63,,,60,71,3,3593.25,,60,71,4,3593.25,,60,71,1,3713.02,,60,71,4,3713.02,,60,71,0,3713.02,,60,71,4,3713.02,36.9,
21:47:54 06/30/25,64,64,64,64,64,64,,,60,71,11,4641.28,,60,71,6,4641.28,,60,71,2,3713.02,,60,71,8,3713.02,,60,71,2,3713.02,,60,71,5,3713.02,38.7,
21:48:04 06/30/25,66,66,66,66,66,66,,,60,71,12,3713.02,,60,71,10,3713.02,,60,71,1,3713.02,,60,71,17,4641.28,,60,71,4,3713.02,,60,71,8,3713.02,43.4,
21:48:14 06/30/25,63,63,63,63,63,63,,,60,71,9,4641.28,,60,71,2,4641.28,,60,71,1,3713.02,,60,71,8,3713.02,,60,71,1,3713.02,,60,71,3,3713.02,33.2,
21:48:24 06/30/25,63,63,63,63,63,63,,,60,71,3,3593.25,,60,71,2,3593.25,,60,71,4,3593.25,,60,71,9,3593.25,,60,71,2,3593.25,,60,71,3,3593.25,36.8,
21:48:34 06/30/25,62,62,62,62,62,62,,,60,71,9,4641.28,,60,71,2,4641.28,,60,71,0,3713.02,,60,71,1,3713.02,,60,71,3,4641.28,,60,71,5,4641.28,36.5,
21:48:44 06/30/25,63,63,63,63,63,63,,,60,71,6,3593.25,,60,71,2,3593.25,,60,71,1,3593.25,,60,71,10,3593.25,,60,71,3,4641.28,,60,71,3,4641.28,39.4,
21:48:54 06/30/25,65,65,65,65,65,65,,,60,71,5,3593.25,,60,71,5,3593.25,,60,71,0,3593.25,,60,71,4,3593.25,,60,71,0,3593.25,,60,71,3,3593.25,37.0,
21:49:04 06/30/25,63,63,63,63,63,63,,,60,71,5,3593.25,,60,71,5,3593.25,,60,71,4,3593.25,,60,71,5,3593.25,,60,71,2,3593.25,,60,71,5,3593.25,32.4,
21:49:14 06/30/25,63,63,63,63,63,63,,,60,71,2,3713.02,,60,71,2,3713.02,,60,71,6,3713.02,,60,71,3,4641.28,,60,71,3,3713.02,,60,71,1,3713.02,36.4,
21:49:24 06/30/25,67,66,66,66,67,67,,,60,71,14,4641.28,,60,71,9,4641.28,,60,71,6,4641.28,,60,71,15,4641.28,,60,71,8,3713.02,,60,71,5,4616.32,39.5,
21:49:34 06/30/25,69,69,69,69,69,69,,,60,72,6,4641.28,,60,72,8,4641.28,,60,72,2,3713.02,,60,72,6,3713.02,,60,72,2,3713.02,,60,72,2,3713.02,33.9,
21:49:44 06/30/25,70,70,70,70,70,70,,,60,72,8,3593.25,,60,72,4,3593.25,,60,72,3,3593.25,,60,72,9,3593.25,,60,72,2,3713.02,,60,72,6,3713.02,42.6,
21:49:54 06/30/25,70,70,70,70,70,70,,,60,72,11,4591.37,,60,72,7,4591.37,,60,72,2,4591.37,,60,72,10,4591.37,,60,72,2,3673.10,,60,72,4,3673.10,39.6,
21:50:04 06/30/25,68,68,68,68,68,68,,,60,72,11,4641.28,,60,72,6,4641.28,,60,72,2,4641.28,,60,72,8,4641.28,,60,72,4,3713.02,,60,72,2,3713.02,44.8,
21:50:14 06/30/25,70,70,70,70,70,70,,,60,72,3,3713.02,,60,72,2,3713.02,,60,72,1,4641.28,,60,72,5,4641.28,,60,72,3,3713.02,,60,72,3,3713.02,40.2,
21:50:24 06/30/25,71,71,71,71,71,71,,,60,74,5,3593.25,,60,74,5,3593.25,,60,74,1,3593.25,,60,74,8,3593.25,,60,74,4,3593.25,,60,74,3,3593.25,36.7,
21:50:34 06/30/25,66,66,66,66,66,66,,,60,74,8,3593.25,,60,74,5,3593.25,,60,74,2,3593.25,,60,74,11,3593.25,,60,74,2,3593.25,,60,74,5,3713.02,37.4,
21:50:44 06/30/25,64,64,64,64,64,64,,,60,74,9,3593.25,,60,74,5,3593.25,,60,74,1,3593.25,,60,74,5,3713.02,,60,74,4,3713.02,,60,74,5,3713.02,33.0,
21:50:54 06/30/25,65,65,65,65,65,65,,,60,74,11,3593.25,,60,74,0,3593.25,,60,74,1,3713.02,,60,74,7,3713.02,,60,74,3,3713.02,,60,74,2,3713.02,35.5,
21:51:04 06/30/25,64,64,64,64,64,64,,,60,74,11,3593.25,,60,74,8,3593.25,,60,74,1,3593.25,,60,74,8,3593.25,,60,74,4,3593.25,,60,74,8,3593.25,35.3,
21:51:14 06/30/25,64,64,64,64,64,64,,,60,74,9,3593.25,,60,74,5,3593.25,,60,74,3,3593.25,,60,74,10,3593.25,,60,74,6,3593.25,,60,74,3,3593.25,35.5,
21:51:24 06/30/25,68,68,68,68,68,68,,,60,74,7,3593.25,,60,74,3,3593.25,,60,74,1,3593.25,,60,74,3,3593.25,,60,74,1,3593.25,,60,74,4,3593.25,37.8,
21:51:34 06/30/25,65,65,65,65,65,65,,,60,74,4,3593.25,,60,74,1,3593.25,,60,74,0,3593.25,,60,74,12,3593.25,,60,74,3,3593.25,,60,74,1,3593.25,34.9,
21:51:44 06/30/25,64,64,64,64,64,64,,,60,74,8,3713.02,,60,74,3,3713.02,,60,74,3,3713.02,,60,74,5,4641.28,,60,74,3,3713.02,,60,74,6,3713.02,36.7,
21:51:54 06/30/25,69,69,69,69,69,69,,,60,74,6,3593.25,,60,74,7,3593.25,,60,74,1,3593.25,,60,74,7,3593.25,,60,74,2,3593.25,,60,74,3,3593.25,39.8,
21:52:04 06/30/25,65,65,65,65,65,65,,,60,74,6,3593.25,,60,74,4,3593.25,,60,74,2,3593.25,,60,74,5,3593.25,,60,74,2,3593.25,,60,74,3,3593.25,33.2,
21:52:14 06/30/25,63,63,63,63,63,63,,,60,74,4,3593.25,,60,74,3,3593.25,,60,74,1,3593.25,,60,74,3,3593.25,,60,74,1,3593.25,,60,74,4,3593.25,36.3,
21:52:24 06/30/25,64,64,64,64,64,64,,,60,74,4,4641.28,,60,74,1,4641.28,,60,74,0,3713.02,,60,74,2,3713.02,,60,74,0,3713.02,,60,74,1,3713.02,33.1,
21:52:34 06/30/25,64,64,64,64,64,64,,,60,74,4,3593.25,,60,74,5,3593.25,,60,74,1,3593.25,,60,74,5,3593.25,,60,74,2,3593.25,,60,74,3,3593.25,36.5,
21:52:44 06/30/25,63,63,63,63,63,63,,,60,74,3,3593.25,,60,74,3,3593.25,,60,74,1,3593.25,,60,74,13,3593.25,,60,74,2,3593.25,,60,74,4,3593.25,33.5,
21:52:54 06/30/25,71,71,71,71,71,71,,,60,74,7,3593.25,,60,74,3,3593.25,,60,74,4,4641.28,,60,74,7,4641.28,,60,74,7,3713.02,,60,74,14,3713.02,40.8,
21:53:04 06/30/25,65,65,65,65,65,65,,,60,74,0,3593.25,,60,74,1,3593.25,,60,74,0,3593.25,,60,74,2,3593.25,,60,74,2,3593.25,,60,74,5,3713.02,33.2,
21:53:14 06/30/25,64,64,64,64,64,64,,,60,74,3,3713.02,,60,74,2,3713.02,,60,74,0,4641.28,,60,74,7,4641.28,,60,74,4,3713.02,,60,74,2,3713.02,33.9,
21:53:24 06/30/25,64,64,64,64,64,64,,,60,74,2,3593.25,,60,74,1,3593.25,,60,74,2,3593.25,,60,74,4,3593.25,,60,74,5,3593.25,,60,74,0,3593.25,35.0,
21:53:34 06/30/25,63,63,63,63,63,63,,,60,74,6,3593.25,,60,74,5,3593.25,,60,74,0,3593.25,,60,74,6,3593.25,,60,74,2,3593.25,,60,74,2,3593.25,34.0,
21:53:44 06/30/25,63,63,63,63,63,63,,,60,74,3,3593.25,,60,74,1,3593.25,,60,74,0,3593.25,,60,74,4,3593.25,,60,74,0,3593.25,,60,74,4,3593.25,33.9,
21:53:54 06/30/25,66,66,66,66,66,66,,,60,74,2,4641.28,,60,74,7,4641.28,,60,74,1,3713.02,,60,74,9,3713.02,,60,74,2,3713.02,,60,74,4,3713.02,36.0,
21:54:04 06/30/25,64,64,64,64,64,64,,,60,74,9,4641.28,,60,74,4,4641.28,,60,74,3,4641.28,,60,74,8,4641.28,,60,74,4,3713.02,,60,74,3,3713.02,35.3,
21:54:14 06/30/25,63,63,63,63,63,63,,,60,74,8,3593.25,,60,74,4,3593.25,,60,74,2,2874.60,,60,74,5,3713.02,,60,74,3,3713.02,,60,74,4,3713.02,34.0,
21:54:24 06/30/25,63,63,63,63,63,63,,,60,74,6,3593.25,,60,74,6,3593.25,,60,74,1,3593.25,,60,74,6,3593.25,,60,74,3,3593.25,,60,74,4,3593.25,38.5,
21:54:34 06/30/25,62,62,62,62,62,62,,,60,74,3,3593.25,,60,74,2,3593.25,,60,74,2,3593.25,,60,74,7,3593.25,,60,74,2,3593.25,,60,74,4,3593.25,34.7,
21:54:44 06/30/25,63,63,63,63,63,63,,,60,74,2,3593.25,,60,74,2,3593.25,,60,74,2,3713.02,,60,74,5,3713.02,,60,74,4,3713.02,,60,74,1,3713.02,35.3,
21:54:54 06/30/25,63,63,63,63,63,63,,,60,74,6,3713.02,,60,74,5,3713.02,,60,74,0,4641.28,,60,74,4,4641.28,,60,74,2,3713.02,,60,74,3,3713.02,36.3,
21:55:04 06/30/25,62,62,62,62,62,62,,,60,74,2,4641.28,,60,74,2,4641.28,,60,74,0,3713.02,,60,74,5,3713.02,,60,74,1,3713.02,,60,74,3,3713.02,34.4,
21:55:14 06/30/25,64,64,64,64,64,64,,,60,74,5,3593.25,,60,74,4,3593.25,,60,74,0,3593.25,,60,74,2,3593.25,,60,74,2,3593.25,,60,74,2,3593.25,30.9,
21:55:24 06/30/25,64,64,64,64,64,64,,,60,74,2,3593.25,,60,74,3,3593.25,,60,74,0,3593.25,,60,74,2,4641.28,,60,74,1,3713.02,,60,74,4,3713.02,31.5,
21:55:34 06/30/25,65,65,65,65,65,65,,,60,74,11,4641.28,,60,74,6,4641.28,,60,74,1,3593.25,,60,74,6,3593.25,,60,74,2,3593.25,,60,74,4,3593.25,35.5,
21:55:44 06/30/25,64,64,64,64,64,64,,,60,74,7,3713.02,,60,74,4,3713.02,,60,74,1,3713.02,,60,74,8,3713.02,,60,74,2,3713.02,,60,74,7,3713.02,32.6,
21:55:54 06/30/25,62,62,62,62,62,62,,,60,74,6,3713.02,,60,74,7,3713.02,,60,74,0,4641.28,,60,74,4,4641.28,,60,74,3,3713.02,,60,74,4,3713.02,33.5,
21:56:04 06/30/25,63,63,63,63,63,63,,,60,74,10,3713.02,,60,74,2,3713.02,,60,74,1,4641.28,,60,74,8,4641.28,,60,74,1,3713.02,,60,74,5,3713.02,35.1,
21:56:14 06/30/25,62,62,62,62,62,62,,,60,74,6,3593.25,,60,74,4,3593.25,,60,74,0,3593.25,,60,74,10,3593.25,,60,74,3,3593.25,,60,74,5,3593.25,36.3,
21:56:24 06/30/25,62,62,62,62,62,62,,,60,74,4,3593.25,,60,74,2,3593.25,,60,74,1,3593.25,,60,74,7,3593.25,,60,74,2,3593.25,,60,74,2,3593.25,33.3,
21:56:34 06/30/25,64,64,64,64,64,64,,,60,74,4,3593.25,,60,74,0,3593.25,,60,74,0,3593.25,,60,74,6,3593.25,,60,74,3,3593.25,,60,74,3,3593.25,33.3,
21:56:44 06/30/25,63,63,63,63,63,63,,,60,74,8,3713.02,,60,74,8,3713.02,,60,74,2,4641.28,,60,74,11,4641.28,,60,74,6,3713.02,,60,74,6,3713.02,37.9,
21:56:54 06/30/25,65,65,65,65,65,65,,,60,74,9,4641.28,,60,74,7,4641.28,,60,74,1,3713.02,,60,74,7,3713.02,,60,74,1,3713.02,,60,74,4,3713.02,35.9,
21:57:04 06/30/25,63,63,63,63,63,63,,,60,74,6,3593.25,,60,74,2,3593.25,,60,74,0,3593.25,,60,74,5,3593.25,,60,74,0,3593.25,,60,74,4,3593.25,36.5,
21:57:14 06/30/25,63,63,63,63,63,63,,,60,74,7,3593.25,,60,74,2,3593.25,,60,74,0,4641.28,,60,74,3,4641.28,,60,74,1,3713.02,,60,74,1,3713.02,33.6,
21:57:24 06/30/25,64,64,64,64,64,64,,,60,74,3,3593.25,,60,74,7,3593.25,,60,74,2,3593.25,,60,74,13,3593.25,,60,74,4,3713.02,,60,74,4,3713.02,39.5,
21:57:34 06/30/25,65,65,65,65,65,65,,,60,74,16,3593.25,,60,74,8,3593.25,,60,74,2,3593.25,,60,74,9,3593.25,,60,74,4,3713.02,,60,74,7,3713.02,34.2,
21:57:44 06/30/25,68,68,68,68,68,68,,,60,74,8,3593.25,,60,74,5,3593.25,,60,74,3,3593.25,,60,74,14,3593.25,,60,74,3,3593.25,,60,74,5,3593.25,42.5,
21:57:54 06/30/25,67,67,67,67,67,67,,,60,74,11,4616.32,,60,74,11,4616.32,,60,74,5,3693.06,,60,74,14,3693.06,,60,74,9,3693.06,,60,74,16,3693.06,46.0,
21:58:04 06/30/25,66,66,66,66,66,66,,,60,74,5,3593.25,,60,74,2,3593.25,,60,74,0,3593.25,,60,74,2,3593.25,,60,74,0,3713.02,,60,74,3,3713.02,31.0,
21:58:14 06/30/25,64,64,64,64,64,64,,,60,74,5,3593.25,,60,74,2,3593.25,,60,74,1,3593.25,,60,74,3,3593.25,,60,74,2,3593.25,,60,74,2,3593.25,27.5,
21:58:24 06/30/25,61,61,61,61,61,61,,,60,74,4,3593.25,,60,74,3,3593.25,,60,74,0,3593.25,,60,74,2,3593.25,,60,74,0,3593.25,,60,74,3,3593.25,32.2,
21:58:34 06/30/25,69,69,69,69,69,69,,,60,76,2,3593.25,,60,76,3,3593.25,,60,76,1,3593.25,,60,76,2,3593.25,,60,76,2,3593.25,,60,76,5,3593.25,32.6,
21:58:44 06/30/25,62,62,62,62,62,62,,,60,76,0,3593.25,,60,76,1,3593.25,,60,76,0,3593.25,,60,76,1,3593.25,,60,76,0,3593.25,,60,76,5,3593.25,27.2,
21:58:54 06/30/25,64,64,64,64,64,64,,,60,76,11,3593.25,,60,76,12,3593.25,,60,76,2,3593.25,,60,76,7,3593.25,,60,76,2,3593.25,,60,76,16,3593.25,38.6,
21:59:04 06/30/25,61,61,61,61,61,61,,,60,76,5,3593.25,,60,76,4,3593.25,,60,76,1,3593.25,,60,76,3,3593.25,,60,76,4,3593.25,,60,76,3,3593.25,28.5,
21:59:14 06/30/25,61,61,61,61,61,61,,,59,76,3,3593.25,,59,76,2,3593.25,,59,76,0,3593.25,,59,76,3,3593.25,,59,76,0,3713.02,,59,76,3,3713.02,30.7,
21:59:24 06/30/25,59,59,59,59,59,59,,,59,76,4,4541.46,,59,76,1,4541.46,,59,76,1,3633.17,,59,76,1,3633.17,,59,76,0,3633.17,,59,76,5,3633.17,29.0,
21:59:34 06/30/25,61,61,61,61,61,61,,,59,76,3,3593.25,,59,76,0,3593.25,,59,76,1,3593.25,,59,76,1,3593.25,,59,76,1,3593.25,,59,76,4,3593.25,31.2,
21:59:44 06/30/25,59,59,59,59,59,59,,,59,76,1,3593.25,,59,76,2,3593.25,,59,76,1,3593.25,,59,76,1,3593.25,,59,76,1,3713.02,,59,76,3,3713.02,29.3,
21:59:54 06/30/25,61,61,61,61,61,61,,,59,76,2,3593.25,,59,76,1,3593.25,,59,76,1,3593.25,,59,76,2,3593.25,,59,76,0,3713.02,,59,76,3,3713.02,30.7,
22:00:04 06/30/25,59,59,59,59,59,59,,,59,76,1,3593.25,,59,76,1,3593.25,,59,76,0,3593.25,,59,76,0,3593.25,,59,76,1,3593.25,,59,76,4,3593.25,26.9,
22:00:14 06/30/25,58,58,58,58,58,58,,,58,76,0,3593.25,,58,76,4,3593.25,,58,76,0,3593.25,,58,76,0,3593.25,,58,76,3,3593.25,,58,76,3,3593.25,31.3,
22:00:24 06/30/25,59,59,59,59,59,59,,,58,76,1,3593.25,,58,76,4,3593.25,,58,76,1,3593.25,,58,76,0,3713.02,,58,76,1,3713.02,,58,76,5,3713.02,29.9,
22:00:34 06/30/25,59,59,59,59,59,59,,,58,76,1,3593.25,,58,76,3,3593.25,,58,76,0,3593.25,,58,76,1,3593.25,,58,76,4,3593.25,,58,76,5,3593.25,30.8,
22:00:44 06/30/25,60,60,60,60,60,60,,,58,76,4,3593.25,,58,76,1,3593.25,,58,76,0,3593.25,,58,76,2,2874.60,,58,76,1,3713.02,,58,76,5,3713.02,26.7,
22:00:54 06/30/25,58,58,58,58,58,58,,,58,76,1,3593.25,,58,76,1,3593.25,,58,76,1,3593.25,,58,76,1,3593.25,,58,76,1,3593.25,,58,76,4,3593.25,30.1,
22:01:04 06/30/25,59,59,59,59,59,59,,,58,76,1,3593.25,,58,76,1,3593.25,,58,76,2,3593.25,,58,76,0,3593.25,,58,76,1,3593.25,,58,76,2,3593.25,30.7,
22:01:14 06/30/25,58,58,58,58,58,58,,,58,76,1,3593.25,,58,76,3,3593.25,,58,76,0,3593.25,,58,76,2,3593.25,,58,76,1,3593.25,,58,76,2,3593.25,27.4,
22:01:24 06/30/25,59,59,59,59,59,59,,,58,76,1,3593.25,,58,76,0,3593.25,,58,76,2,3593.25,,58,76,2,3593.25,,58,76,1,3593.25,,58,76,1,4641.28,28.8,
22:01:34 06/30/25,58,58,58,58,58,58,,,57,76,1,3593.25,,57,76,2,3593.25,,57,76,0,3593.25,,57,76,1,3593.25,,57,76,1,3593.25,,57,76,4,3593.25,30.2,
22:01:44 06/30/25,58,58,58,58,58,58,,,57,76,2,3593.25,,57,76,2,3593.25,,57,76,2,3593.25,,57,76,1,3593.25,,57,76,4,3593.25,,57,76,3,3593.25,29.9,
22:01:54 06/30/25,63,63,63,63,63,63,,,57,76,1,3593.25,,57,76,4,3593.25,,57,76,2,3593.25,,57,76,4,3593.25,,57,76,3,3593.25,,57,76,1,3713.02,27.1,
22:02:04 06/30/25,61,61,61,61,61,61,,,57,76,0,3593.25,,57,76,4,3593.25,,57,76,1,3593.25,,57,76,2,4641.28,,57,76,1,3713.02,,57,76,4,3713.02,27.6,
22:02:14 06/30/25,58,58,58,58,58,58,,,57,76,8,3593.25,,57,76,4,3593.25,,57,76,0,3593.25,,57,76,4,3593.25,,57,76,1,3593.25,,57,76,4,3593.25,26.7,
22:02:24 06/30/25,58,58,58,58,58,58,,,57,76,2,3593.25,,57,76,0,3593.25,,57,76,0,3593.25,,57,76,4,3593.25,,57,76,1,3593.25,,57,76,5,3593.25,31.5,
22:02:34 06/30/25,58,58,58,58,58,58,,,57,76,1,3593.25,,57,76,3,3593.25,,57,76,0,3593.25,,57,76,3,3593.25,,57,76,2,3713.02,,57,76,6,3713.02,27.1,
22:02:44 06/30/25,59,59,59,59,59,59,,,57,76,0,3593.25,,57,76,1,3593.25,,57,76,1,3593.25,,57,76,2,3593.25,,57,76,1,3593.25,,57,76,3,3593.25,26.8,
22:02:54 06/30/25,58,58,58,58,58,58,,,57,76,1,3593.25,,57,76,1,3593.25,,57,76,1,3593.25,,57,76,2,3593.25,,57,76,1,3593.25,,57,76,1,3593.25,27.4,
22:03:04 06/30/25,60,60,60,60,60,60,,,57,76,0,3593.25,,57,76,1,3593.25,,57,76,1,3593.25,,57,76,1,3593.25,,57,76,1,3593.25,,57,76,7,3593.25,30.4,
22:03:14 06/30/25,58,58,58,58,58,58,,,57,76,1,3593.25,,57,76,2,3593.25,,57,76,1,3593.25,,57,76,1,4641.28,,57,76,1,3713.02,,57,76,2,3713.02,30.4,
22:03:24 06/30/25,69,69,69,69,69,69,,,57,76,2,3593.25,,57,76,3,3593.25,,57,76,2,3593.25,,57,76,5,3593.25,,57,76,1,3593.25,,57,76,2,3593.25,28.8,
22:03:34 06/30/25,60,60,60,60,60,60,,,57,76,4,3593.25,,57,76,4,3593.25,,57,76,1,3593.25,,57,76,4,3593.25,,57,76,2,3593.25,,57,76,1,3593.25,28.4,
22:03:44 06/30/25,58,58,58,58,58,58,,,57,76,4,3593.25,,57,76,4,3593.25,,57,76,2,3593.25,,57,76,5,3593.25,,57,76,2,3593.25,,57,76,2,3713.02,29.6,
22:03:54 06/30/25,60,60,60,60,60,60,,,57,76,3,3593.25,,57,76,2,3593.25,,57,76,2,3593.25,,57,76,2,3593.25,,57,76,2,3593.25,,57,76,12,3593.25,36.1,
22:04:04 06/30/25,58,58,58,58,58,58,,,57,76,1,3593.25,,57,76,0,3593.25,,57,76,1,3593.25,,57,76,3,3593.25,,57,76,0,3593.25,,57,76,1,3593.25,30.3,
22:04:14 06/30/25,57,57,57,57,57,57,,,57,76,1,3593.25,,57,76,3,3593.25,,57,76,1,3593.25,,57,76,2,3593.25,,57,76,0,3593.25,,57,76,3,3593.25,30.3,
22:04:24 06/30/25,58,58,58,58,58,58,,,57,76,3,3593.25,,57,76,2,3593.25,,57,76,2,3593.25,,57,76,2,4641.28,,57,76,1,3713.02,,57,76,4,3713.02,31.0,
22:04:34 06/30/25,57,57,57,57,57,57,,,57,76,4,3593.25,,57,76,0,3593.25,,57,76,0,3593.25,,57,76,1,3593.25,,57,76,1,3593.25,,57,76,0,3593.25,26.4,
22:04:44 06/30/25,57,57,57,57,57,57,,,57,76,3,3593.25,,57,76,2,3593.25,,57,76,0,3593.25,,57,76,2,3593.25,,57,76,1,3593.25,,57,76,2,3593.25,29.6,
22:04:54 06/30/25,57,57,57,57,57,57,,,57,76,1,3593.25,,57,76,5,3593.25,,57,76,1,3593.25,,57,76,1,3593.25,,57,76,2,3593.25,,57,76,2,3713.02,30.6,
22:05:04 06/30/25,58,58,58,58,58,58,,,57,76,1,3593.25,,57,76,2,3593.25,,57,76,2,3593.25,,57,76,3,3713.02,,57,76,3,3713.02,,57,76,1,3713.02,30.5,
22:05:14 06/30/25,58,58,58,58,58,58,,,57,76,3,3593.25,,57,76,3,3593.25,,57,76,2,3593.25,,57,76,1,3593.25,,57,76,0,3593.25,,57,76,3,3593.25,26.5,
22:05:24 06/30/25,58,58,58,58,58,58,,,57,76,1,3593.25,,57,76,1,3593.25,,57,76,1,3593.25,,57,76,6,3593.25,,57,76,1,3593.25,,57,76,2,3593.25,31.1,
22:05:34 06/30/25,57,57,57,57,57,57,,,57,76,1,3593.25,,57,76,2,3593.25,,57,76,1,3593.25,,57,76,1,3593.25,,57,76,0,3593.25,,57,76,2,3593.25,29.2,
22:05:44 06/30/25,58,58,58,58,58,58,,,57,76,0,3593.25,,57,76,1,3593.25,,57,76,1,3593.25,,57,76,1,3593.25,,57,76,0,3593.25,,57,76,3,3593.25,30.0,
22:05:54 06/30/25,58,58,58,58,58,58,,,57,76,1,3593.25,,57,76,1,3593.25,,57,76,2,3593.25,,57,76,3,3593.25,,57,76,0,3593.25,,57,76,4,3593.25,27.2,
22:06:04 06/30/25,58,58,58,58,58,58,,,57,76,1,3593.25,,57,76,2,3593.25,,57,76,1,3593.25,,57,76,1,3593.25,,57,76,1,3713.02,,57,76,2,3713.02,27.2,
22:06:14 06/30/25,58,58,58,58,58,58,,,57,76,2,3713.02,,57,76,4,3713.02,,57,76,0,3713.02,,57,76,2,3713.02,,57,76,0,3713.02,,57,76,1,3713.02,26.7,
22:06:24 06/30/25,58,58,58,58,58,58,,,57,76,3,3713.02,,57,76,4,3713.02,,57,76,0,3713.02,,57,76,1,3713.02,,57,76,2,3713.02,,57,76,3,3713.02,32.1,
22:06:34 06/30/25,58,58,58,58,58,58,,,57,76,1,3593.25,,57,76,2,3593.25,,57,76,0,3593.25,,57,76,0,3593.25,,57,76,1,3593.25,,57,76,3,3593.25,26.6,
22:06:44 06/30/25,58,58,58,58,58,58,,,57,76,2,3593.25,,57,76,3,3593.25,,57,76,1,3593.25,,57,76,1,3593.25,,57,76,1,3593.25,,57,76,4,3593.25,27.0,
22:06:54 06/30/25,62,62,62,62,62,62,,,57,76,7,3593.25,,57,76,7,3593.25,,57,76,2,3593.25,,57,76,11,3593.25,,57,76,3,3593.25,,57,76,2,3593.25,34.9,
22:07:04 06/30/25,59,59,59,59,59,59,,,57,76,0,3593.25,,57,76,2,3593.25,,57,76,0,3593.25,,57,76,2,3593.25,,57,76,3,3593.25,,57,76,2,3593.25,30.8,
22:07:14 06/30/25,58,58,58,58,58,58,,,57,76,3,3593.25,,57,76,2,3593.25,,57,76,0,3593.25,,57,76,2,3593.25,,57,76,0,3593.25,,57,76,2,2874.60,28.2,
22:07:24 06/30/25,58,58,58,58,58,58,,,57,76,1,3593.25,,57,76,2,3593.25,,57,76,0,3593.25,,57,76,4,3593.25,,57,76,3,3593.25,,57,76,4,3593.25,28.4,
22:07:34 06/30/25,58,58,58,58,58,58,,,57,76,1,3673.10,,57,76,0,3673.10,,57,76,0,3673.10,,57,76,4,3673.10,,57,76,1,3673.10,,57,76,1,3653.13,27.2,
22:07:44 06/30/25,58,58,58,58,58,58,,,57,76,1,3593.25,,57,76,2,3593.25,,57,76,0,3593.25,,57,76,4,3593.25,,57,76,0,3593.25,,57,76,2,3593.25,29.9,
22:07:54 06/30/25,58,58,58,58,58,58,,,57,76,5,3593.25,,57,76,4,3593.25,,57,76,2,3593.25,,57,76,4,3593.25,,57,76,3,3713.02,,57,76,1,3713.02,27.1,
22:08:04 06/30/25,59,59,59,59,59,59,,,57,76,2,3593.25,,57,76,4,3593.25,,57,76,1,3593.25,,57,76,3,3593.25,,57,76,3,3593.25,,57,76,5,3593.25,30.4,
22:08:14 06/30/25,58,58,58,58,58,58,,,57,76,5,3653.13,,57,76,4,3653.13,,57,76,0,3653.13,,57,76,6,3653.13,,57,76,0,3653.13,,57,76,3,3653.13,26.9,
22:08:24 06/30/25,58,58,58,58,58,58,,,57,76,4,3593.25,,57,76,0,3593.25,,57,76,0,3593.25,,57,76,2,3593.25,,57,76,0,3593.25,,57,76,2,3593.25,31.1,
22:08:34 06/30/25,58,58,58,58,58,58,,,57,76,0,3593.25,,57,76,1,3593.25,,57,76,0,3593.25,,57,76,3,3593.25,,57,76,0,3593.25,,57,76,2,3593.25,27.3,
22:08:44 06/30/25,61,61,61,61,61,61,,,57,76,1,3593.25,,57,76,2,3593.25,,57,76,2,3593.25,,57,76,2,3593.25,,57,76,1,3593.25,,57,76,2,3593.25,30.1,
22:08:54 06/30/25,60,60,60,60,60,60,,,57,76,2,3593.25,,57,76,0,3593.25,,57,76,0,3593.25,,57,76,1,3593.25,,57,76,0,3593.25,,57,76,3,3593.25,26.7,
22:09:04 06/30/25,70,70,70,70,70,70,,,57,76,3,3593.25,,57,76,2,3593.25,,57,76,0,3593.25,,57,76,4,3593.25,,57,76,1,3593.25,,57,76,1,3593.25,30.6,
22:09:14 06/30/25,61,61,61,61,61,61,,,57,76,2,3593.25,,57,76,2,3593.25,,57,76,4,3593.25,,57,76,1,3593.25,,57,76,1,3593.25,,57,76,3,3593.25,27.1,
22:09:24 06/30/25,59,59,59,59,59,59,,,57,76,2,3593.25,,57,76,2,3593.25,,57,76,4,3593.25,,57,76,1,3593.25,,57,76,1,3593.25,,57,76,6,3593.25,33.3,
22:09:34 06/30/25,58,58,58,58,58,58,,,57,76,1,3593.25,,57,76,2,3593.25,,57,76,1,3593.25,,57,76,0,3593.25,,57,76,2,3593.25,,57,76,4,3593.25,26.7,
22:09:44 06/30/25,58,58,58,58,58,58,,,57,76,2,3593.25,,57,76,3,3593.25,,57,76,2,3713.02,,57,76,3,3713.02,,57,76,3,3713.02,,57,76,2,3713.02,30.1,
22:09:54 06/30/25,58,58,58,58,58,58,,,57,76,3,3593.25,,57,76,1,3593.25,,57,76,2,3593.25,,57,76,3,3593.25,,57,76,1,3593.25,,57,76,6,3593.25,28.8,
22:10:04 06/30/25,57,57,57,57,57,57,,,57,76,3,3593.25,,57,76,0,3593.25,,57,76,1,3593.25,,57,76,6,3593.25,,57,76,0,3593.25,,57,76,3,3593.25,26.9,
22:10:14 06/30/25,57,57,57,57,57,57,,,57,76,2,3593.25,,57,76,1,3593.25,,57,76,0,3593.25,,57,76,5,3593.25,,57,76,2,3593.25,,57,76,4,3593.25,27.0,
22:10:24 06/30/25,57,57,57,57,57,57,,,57,76,1,3593.25,,57,76,0,3593.25,,57,76,1,3593.25,,57,76,0,3593.25,,57,76,0,3593.25,,57,76,2,3593.25,31.9,
22:10:34 06/30/25,57,57,57,57,57,57,,,57,76,3,3593.25,,57,76,1,3593.25,,57,76,0,3593.25,,57,76,1,3593.25,,57,76,1,3593.25,,57,76,3,3593.25,29.0,
22:10:44 06/30/25,57,57,57,57,57,57,,,57,76,1,3593.25,,57,76,1,3593.25,,57,76,0,3593.25,,57,76,5,3593.25,,57,76,0,3593.25,,57,76,1,3593.25,26.6,
22:10:54 06/30/25,58,58,58,58,58,58,,,57,76,0,3593.25,,57,76,4,3593.25,,57,76,0,3593.25,,57,76,1,3713.02,,57,76,0,3713.02,,57,76,4,3713.02,27.6,
22:11:04 06/30/25,57,57,57,57,57,57,,,57,76,1,3593.25,,57,76,4,3593.25,,57,76,1,3593.25,,57,76,3,3593.25,,57,76,1,3593.25,,57,76,1,3593.25,29.5,
22:11:14 06/30/25,57,57,57,57,57,57,,,57,76,1,3593.25,,57,76,5,3593.25,,57,76,0,3593.25,,57,76,2,3593.25,,57,76,2,3593.25,,57,76,2,3593.25,28.1,
22:11:24 06/30/25,58,58,58,58,58,58,,,57,76,6,3593.25,,57,76,3,3593.25,,57,76,0,3593.25,,57,76,2,3593.25,,57,76,4,3593.25,,57,76,6,3593.25,28.1,
22:11:34 06/30/25,58,58,58,58,58,58,,,57,76,5,3593.25,,57,76,2,3593.25,,57,76,2,3593.25,,57,76,5,3593.25,,57,76,3,3593.25,,57,76,3,3593.25,29.9,
22:11:44 06/30/25,58,58,58,58,58,58,,,57,76,0,3593.25,,57,76,2,3593.25,,57,76,0,3593.25,,57,76,2,3593.25,,57,76,2,3593.25,,57,76,2,3593.25,30.4,
22:11:54 06/30/25,58,58,58,58,58,58,,,57,76,4,3593.25,,57,76,0,3593.25,,57,76,1,3593.25,,57,76,1,3593.25,,57,76,1,3593.25,,57,76,5,3593.25,28.5,
22:12:04 06/30/25,66,66,66,66,66,66,,,57,76,7,3593.25,,57,76,2,3593.25,,57,76,0,3593.25,,57,76,10,3593.25,,57,76,2,3593.25,,57,76,2,3593.25,29.3,
22:12:14 06/30/25,61,61,61,61,61,61,,,57,76,3,3593.25,,57,76,1,3593.25,,57,76,0,3593.25,,57,76,3,3593.25,,57,76,3,3593.25,,57,76,2,3593.25,28.5,
22:12:24 06/30/25,59,59,59,59,59,59,,,57,76,1,3593.25,,57,76,1,3593.25,,57,76,2,3593.25,,57,76,1,3593.25,,57,76,1,3593.25,,57,76,4,3593.25,32.1,
22:12:34 06/30/25,59,59,59,59,59,59,,,57,76,2,3713.02,,57,76,1,3713.02,,57,76,2,3713.02,,57,76,1,3713.02,,57,76,1,3713.02,,57,76,4,3713.02,26.7,
22:12:44 06/30/25,58,58,58,58,58,58,,,57,76,4,3593.25,,57,76,1,3593.25,,57,76,0,3593.25,,57,76,1,3593.25,,57,76,2,3713.02,,57,76,4,3713.02,30.2,
22:12:54 06/30/25,58,58,58,58,58,58,,,57,76,5,3593.25,,57,76,3,3593.25,,57,76,0,3593.25,,57,76,6,3593.25,,57,76,5,3593.25,,57,76,4,3593.25,30.3,
22:13:04 06/30/25,60,60,60,60,60,60,,,57,76,3,3593.25,,57,76,1,3593.25,,57,76,0,3593.25,,57,76,2,3593.25,,57,76,2,3593.25,,57,76,4,3593.25,31.1,
22:13:14 06/30/25,58,58,58,58,58,58,,,57,76,2,3593.25,,57,76,0,3593.25,,57,76,0,3593.25,,57,76,4,3593.25,,57,76,2,3593.25,,57,76,3,3593.25,26.5,
22:13:24 06/30/25,59,59,59,59,59,59,,,57,76,1,3593.25,,57,76,1,3593.25,,57,76,2,3593.25,,57,76,1,3593.25,,57,76,2,3593.25,,57,76,5,3593.25,29.6,
22:13:34 06/30/25,57,57,57,57,57,57,,,57,76,2,3593.25,,57,76,1,3593.25,,57,76,0,3593.25,,57,76,0,3593.25,,57,76,3,3593.25,,57,76,3,3593.25,27.6,
22:13:44 06/30/25,58,58,58,58,58,58,,,57,76,6,3593.25,,57,76,2,3593.25,,57,76,1,3593.25,,57,76,4,3593.25,,57,76,0,3593.25,,57,76,3,3713.02,30.8,
22:13:54 06/30/25,57,57,57,57,57,57,,,57,76,1,3593.25,,57,76,2,3593.25,,57,76,2,3713.02,,57,76,3,3713.02,,57,76,1,3713.02,,57,76,4,3713.02,26.4,
22:14:04 06/30/25,58,58,58,58,58,58,,,57,76,2,3593.25,,57,76,5,3593.25,,57,76,1,3593.25,,57,76,1,3593.25,,57,76,2,3593.25,,57,76,4,3593.25,26.8,
22:14:14 06/30/25,57,57,57,57,57,57,,,57,76,1,3593.25,,57,76,4,3593.25,,57,76,0,3593.25,,57,76,1,3593.25,,57,76,4,3593.25,,57,76,4,3593.25,26.9,
22:14:24 06/30/25,58,58,58,58,58,58,,,57,76,1,3593.25,,57,76,3,3593.25,,57,76,3,3593.25,,57,76,3,3713.02,,57,76,4,3713.02,,57,76,3,3713.02,31.7,
22:14:34 06/30/25,57,57,57,57,57,57,,,57,76,1,3593.25,,57,76,0,3593.25,,57,76,2,3593.25,,57,76,0,3593.25,,57,76,0,3593.25,,57,76,1,3593.25,26.6,
22:14:44 06/30/25,58,58,58,58,58,58,,,57,76,3,3593.25,,57,76,2,3593.25,,57,76,0,3593.25,,57,76,2,3593.25,,57,76,0,3593.25,,57,76,2,3593.25,29.6,
22:14:54 06/30/25,57,57,57,57,57,57,,,57,76,1,3713.02,,57,76,0,3713.02,,57,76,0,3713.02,,57,76,1,3713.02,,57,76,0,3713.02,,57,76,2,3713.02,26.7,
22:15:04 06/30/25,58,58,58,58,58,58,,,57,76,7,3593.25,,57,76,3,3593.25,,57,76,2,3593.25,,57,76,1,4641.28,,57,76,0,3713.02,,57,76,2,3713.02,30.3,
22:15:14 06/30/25,58,58,58,58,58,58,,,57,76,2,4566.42,,57,76,3,4566.42,,57,76,0,3653.13,,57,76,1,3653.13,,57,76,1,3653.13,,57,76,2,3653.13,26.7,
22:15:24 06/30/25,58,58,58,58,58,58,,,57,76,3,3593.25,,57,76,2,3593.25,,57,76,1,3593.25,,57,76,3,3593.25,,57,76,2,3593.25,,57,76,5,3593.25,29.9,
22:15:34 06/30/25,58,58,58,58,58,58,,,57,76,3,3593.25,,57,76,1,3593.25,,57,76,0,3593.25,,57,76,2,3593.25,,57,76,1,3593.25,,57,76,1,3593.25,26.6,
22:15:44 06/30/25,58,58,58,58,58,58,,,57,76,5,3593.25,,57,76,2,3593.25,,57,76,2,3593.25,,57,76,2,3593.25,,57,76,4,3593.25,,57,76,3,3593.25,29.6,
22:15:54 06/30/25,57,57,57,57,57,57,,,57,76,4,3673.10,,57,76,1,3673.10,,57,76,1,3673.10,,57,76,6,3673.10,,57,76,3,3673.10,,57,76,3,3673.10,26.7,
22:16:04 06/30/25,57,57,57,57,57,57,,,57,76,0,3593.25,,57,76,0,3593.25,,57,76,1,3593.25,,57,76,0,3593.25,,57,76,0,3593.25,,57,76,3,3593.25,30.4,
22:16:14 06/30/25,58,58,58,58,58,58,,,57,76,0,3593.25,,57,76,2,3593.25,,57,76,1,3593.25,,57,76,1,3593.25,,57,76,0,3593.25,,57,76,4,3713.02,26.8,
22:16:24 06/30/25,58,58,58,58,58,58,,,57,76,7,3593.25,,57,76,3,3593.25,,57,76,2,3593.25,,57,76,3,3593.25,,57,76,3,3593.25,,57,76,5,3593.25,31.1,
22:16:34 06/30/25,58,58,58,58,58,58,,,57,76,1,3593.25,,57,76,2,3593.25,,57,76,0,3593.25,,57,76,1,3593.25,,57,76,0,3593.25,,57,76,2,3593.25,29.9,
22:16:44 06/30/25,58,58,58,58,58,58,,,57,76,1,3593.25,,57,76,1,3593.25,,57,76,1,3593.25,,57,76,2,3593.25,,57,76,0,3593.25,,57,76,7,3713.02,30.1,
22:16:54 06/30/25,60,60,60,60,60,60,,,57,76,9,3593.25,,57,76,2,3593.25,,57,76,2,3593.25,,57,76,11,3593.25,,57,76,0,3593.25,,57,76,4,3593.25,37.0,
22:17:04 06/30/25,58,58,58,58,58,58,,,57,76,1,3593.25,,57,76,5,3593.25,,57,76,1,3593.25,,57,76,1,3593.25,,57,76,4,3593.25,,57,76,5,3593.25,26.7,
22:17:14 06/30/25,58,58,58,58,58,58,,,57,76,3,3593.25,,57,76,2,3593.25,,57,76,0,3593.25,,57,76,0,3593.25,,57,76,2,3593.25,,57,76,3,3593.25,30.4,
22:17:24 06/30/25,58,58,58,58,58,58,,,57,76,2,3593.25,,57,76,4,3593.25,,57,76,1,3593.25,,57,76,2,3593.25,,57,76,0,3713.02,,57,76,4,3713.02,31.8,
22:17:34 06/30/25,58,58,58,58,58,58,,,57,76,1,3593.25,,57,76,1,3593.25,,57,76,0,3593.25,,57,76,1,3593.25,,57,76,0,3593.25,,57,76,3,3593.25,30.0,
22:17:44 06/30/25,58,58,58,58,58,58,,,57,76,7,3593.25,,57,76,2,3593.25,,57,76,1,3593.25,,57,76,3,3593.25,,57,76,0,3593.25,,57,76,2,3593.25,26.9,
22:17:54 06/30/25,58,58,58,58,58,58,,,57,76,4,3593.25,,57,76,2,3593.25,,57,76,1,3593.25,,57,76,1,3593.25,,57,76,1,3593.25,,57,76,2,3713.02,26.7,
22:18:04 06/30/25,59,59,59,59,59,59,,,57,76,2,3593.25,,57,76,2,3593.25,,57,76,1,3593.25,,57,76,3,3713.02,,57,76,1,3713.02,,57,76,1,3713.02,28.8,
22:18:14 06/30/25,58,58,58,58,58,58,,,57,76,2,3593.25,,57,76,0,3593.25,,57,76,2,3593.25,,57,76,0,3593.25,,57,76,2,3593.25,,57,76,4,3593.25,29.9,
22:18:24 06/30/25,58,58,58,58,58,58,,,57,76,0,3593.25,,57,76,0,3593.25,,57,76,1,3593.25,,57,76,5,3593.25,,57,76,0,3593.25,,57,76,1,3593.25,28.1,
22:18:34 06/30/25,57,57,57,57,57,57,,,57,76,2,3593.25,,57,76,2,3593.25,,57,76,2,3593.25,,57,76,4,3593.25,,57,76,2,3593.25,,57,76,1,3593.25,26.9,
22:18:44 06/30/25,59,59,59,59,59,59,,,57,76,0,3593.25,,57,76,3,3593.25,,57,76,4,3593.25,,57,76,3,3593.25,,57,76,1,3713.02,,57,76,2,3713.02,29.6,
22:18:54 06/30/25,59,59,59,59,59,59,,,57,76,1,3593.25,,57,76,1,3593.25,,57,76,2,3593.25,,57,76,0,3593.25,,57,76,3,3593.25,,57,76,5,3593.25,28.5,
22:19:04 06/30/25,58,58,58,58,58,58,,,57,76,2,3593.25,,57,76,2,3593.25,,57,76,1,3593.25,,57,76,2,3593.25,,57,76,2,3593.25,,57,76,1,3713.02,26.8,
22:19:14 06/30/25,58,58,58,58,58,58,,,57,76,0,3593.25,,57,76,1,3593.25,,57,76,2,3593.25,,57,76,3,3593.25,,57,76,0,3593.25,,57,76,3,3593.25,27.3,
22:19:24 06/30/25,58,58,58,58,58,58,,,57,76,2,3593.25,,57,76,2,3593.25,,57,76,3,3593.25,,57,76,1,3593.25,,57,76,1,2874.60,,57,76,4,3713.02,30.1,
22:19:34 06/30/25,58,58,58,58,58,58,,,57,76,1,3593.25,,57,76,2,3593.25,,57,76,1,3593.25,,57,76,4,3593.25,,57,76,2,3593.25,,57,76,3,3593.25,30.4,
22:19:44 06/30/25,57,57,57,57,57,57,,,57,76,2,3593.25,,57,76,1,3593.25,,57,76,1,3593.25,,57,76,3,3593.25,,57,76,0,3593.25,,57,76,2,3593.25,30.2,
22:19:54 06/30/25,57,57,57,57,57,57,,,57,76,4,3593.25,,57,76,4,3593.25,,57,76,1,3593.25,,57,76,0,3593.25,,57,76,1,3593.25,,57,76,2,3593.25,26.4,
22:20:04 06/30/25,57,57,57,57,57,57,,,57,76,2,3593.25,,57,76,4,3593.25,,57,76,1,3593.25,,57,76,2,3593.25,,57,76,0,3593.25,,57,76,3,3593.25,26.6,
22:20:14 06/30/25,58,58,58,58,58,58,,,57,76,2,3593.25,,57,76,6,3593.25,,57,76,2,3593.25,,57,76,3,3593.25,,57,76,1,3593.25,,57,76,2,3713.02,30.2,
22:20:24 06/30/25,58,58,58,58,58,58,,,57,76,3,4641.28,,57,76,2,4641.28,,57,76,2,3713.02,,57,76,3,3713.02,,57,76,4,3713.02,,57,76,4,3713.02,31.0,
22:20:34 06/30/25,58,58,58,58,58,58,,,57,76,4,3593.25,,57,76,3,3593.25,,57,76,0,3593.25,,57,76,3,3593.25,,57,76,1,3593.25,,57,76,4,2874.60,29.7,
22:20:44 06/30/25,57,57,57,57,57,57,,,57,76,2,3593.25,,57,76,1,3593.25,,57,76,0,3593.25,,57,76,4,3593.25,,57,76,0,3593.25,,57,76,2,3593.25,26.6,
22:20:54 06/30/25,58,58,58,58,58,58,,,57,76,0,3593.25,,57,76,3,3593.25,,57,76,0,3593.25,,57,76,0,3593.25,,57,76,0,3593.25,,57,76,3,3593.25,30.3,
22:21:04 06/30/25,58,58,58,58,58,58,,,57,76,4,3593.25,,57,76,3,3593.25,,57,76,0,3593.25,,57,76,2,3593.25,,57,76,0,3593.25,,57,76,3,3593.25,27.0,
22:21:14 06/30/25,58,58,58,58,58,58,,,57,76,3,3593.25,,57,76,2,3593.25,,57,76,0,3593.25,,57,76,2,4641.28,,57,76,0,3713.02,,57,76,6,3713.02,28.2,
22:21:24 06/30/25,59,59,59,59,59,59,,,57,76,7,4491.56,,57,76,5,4491.56,,57,76,3,4491.56,,57,76,11,4491.56,,57,76,3,4516.51,,57,76,5,4516.51,28.9,
22:21:34 06/30/25,59,59,59,59,59,59,,,57,76,2,3593.25,,57,76,2,3593.25,,57,76,1,3593.25,,57,76,2,3593.25,,57,76,2,3593.25,,57,76,3,3593.25,30.2,
22:21:44 06/30/25,58,58,58,58,58,58,,,57,76,2,3593.25,,57,76,3,3593.25,,57,76,1,3593.25,,57,76,6,3593.25,,57,76,3,3593.25,,57,76,3,3593.25,26.6,
22:21:54 06/30/25,63,63,63,63,63,63,,,57,76,24,4641.28,,57,76,5,4641.28,,57,76,5,3713.02,,57,76,10,3713.02,,57,76,5,3713.02,,57,76,5,3713.02,47.9,
22:22:04 06/30/25,59,59,59,59,59,59,,,57,76,4,3593.25,,57,76,3,3593.25,,57,76,1,3593.25,,57,76,2,3593.25,,57,76,1,3593.25,,57,76,3,3593.25,29.4,
22:22:14 06/30/25,58,58,58,58,58,58,,,57,76,0,3593.25,,57,76,1,4641.28,,57,76,0,4641.28,,57,76,1,4641.28,,57,76,0,3713.02,,57,76,3,3713.02,30.0,
22:22:24 06/30/25,57,57,57,57,57,57,,,57,76,4,3593.25,,57,76,2,3593.25,,57,76,0,3593.25,,57,76,1,4641.28,,57,76,1,4641.28,,57,76,2,3713.02,28.1,
22:22:34 06/30/25,58,58,58,58,58,58,,,57,76,2,3593.25,,57,76,2,3593.25,,57,76,0,3593.25,,57,76,1,4641.28,,57,76,1,3713.02,,57,76,2,3713.02,30.2,
22:22:44 06/30/25,58,58,58,58,58,58,,,57,76,1,3593.25,,57,76,1,3593.25,,57,76,1,3593.25,,57,76,1,3593.25,,57,76,0,3593.25,,57,76,3,3593.25,26.8,
22:22:54 06/30/25,60,60,60,60,60,60,,,57,76,1,3593.25,,57,76,4,3593.25,,57,76,0,3593.25,,57,76,0,4641.28,,57,76,1,3713.02,,57,76,3,3713.02,30.9,
22:23:04 06/30/25,61,61,61,61,61,61,,,57,76,2,3593.25,,57,76,3,4641.28,,57,76,1,3713.02,,57,76,2,3713.02,,57,76,0,3713.02,,57,76,0,3713.02,27.3,
22:23:14 06/30/25,59,59,59,59,59,59,,,57,76,2,3593.25,,57,76,4,3593.25,,57,76,0,3593.25,,57,76,1,3593.25,,57,76,0,3593.25,,57,76,3,3593.25,30.3,
22:23:24 06/30/25,58,58,58,58,58,58,,,57,76,1,3693.06,,57,76,3,3693.06,,57,76,1,4616.32,,57,76,3,4616.32,,57,76,3,3693.06,,57,76,2,3693.06,28.6,
22:23:34 06/30/25,58,58,58,58,58,58,,,57,76,4,3593.25,,57,76,3,3593.25,,57,76,0,3593.25,,57,76,1,3593.25,,57,76,0,3593.25,,57,76,4,3593.25,30.0,
22:23:44 06/30/25,60,60,60,60,60,60,,,57,76,1,3593.25,,57,76,2,3593.25,,57,76,0,3593.25,,57,76,0,3593.25,,57,76,0,3593.25,,57,76,1,3593.25,26.6,
22:23:54 06/30/25,58,58,58,58,58,58,,,57,76,0,3593.25,,57,76,1,4641.28,,57,76,0,3713.02,,57,76,5,3713.02,,57,76,0,3713.02,,57,76,2,3713.02,29.6,
22:24:04 06/30/25,58,58,58,58,58,58,,,57,76,0,3653.13,,57,76,0,3653.13,,57,76,0,3653.13,,57,76,0,3653.13,,57,76,0,3653.13,,57,76,3,3653.13,28.4,
22:24:14 06/30/25,58,58,58,58,58,58,,,57,76,2,3593.25,,57,76,2,3593.25,,57,76,0,3593.25,,57,76,2,4641.28,,57,76,0,3713.02,,57,76,5,3713.02,30.8,
22:24:24 06/30/25,59,59,59,59,59,59,,,57,76,1,3593.25,,57,76,1,3593.25,,57,76,0,3593.25,,57,76,0,4641.28,,57,76,0,3713.02,,57,76,3,3713.02,27.6,
22:24:34 06/30/25,58,58,58,58,58,58,,,57,76,2,3593.25,,57,76,5,3593.25,,57,76,1,3593.25,,57,76,2,3593.25,,57,76,2,3593.25,,57,76,0,4641.28,29.5,
22:24:44 06/30/25,59,59,59,59,59,59,,,57,76,0,3593.25,,57,76,4,3593.25,,57,76,0,3593.25,,57,76,0,3593.25,,57,76,1,3593.25,,57,76,5,3593.25,29.9,
22:24:54 06/30/25,58,58,58,58,58,58,,,57,76,0,3593.25,,57,76,4,3593.25,,57,76,0,3593.25,,57,76,1,3593.25,,57,76,2,3713.02,,57,76,3,3713.02,30.0,
22:25:04 06/30/25,58,58,58,58,58,58,,,57,76,5,3593.25,,57,76,0,3593.25,,57,76,2,3593.25,,57,76,2,4641.28,,57,76,0,3713.02,,57,76,5,3713.02,27.7,
22:25:14 06/30/25,59,59,59,59,59,59,,,57,76,1,3593.25,,57,76,1,3593.25,,57,76,0,3593.25,,57,76,1,3593.25,,57,76,0,3593.25,,57,76,3,3593.25,27.0,
22:25:24 06/30/25,59,59,59,59,59,59,,,57,76,1,3593.25,,57,76,3,4641.28,,57,76,1,3713.02,,57,76,1,3713.02,,57,76,1,3713.02,,57,76,2,3713.02,28.2,
22:25:34 06/30/25,58,58,58,58,58,58,,,57,76,2,3593.25,,57,76,1,3593.25,,57,76,0,3593.25,,57,76,1,3593.25,,57,76,2,3593.25,,57,76,0,3593.25,29.4,
22:25:44 06/30/25,58,58,58,58,58,58,,,57,76,3,3593.25,,57,76,1,3593.25,,57,76,2,3593.25,,57,76,3,3593.25,,57,76,2,3593.25,,57,76,4,3593.25,29.9,
22:25:54 06/30/25,57,57,57,57,57,57,,,57,76,3,3593.25,,57,76,3,3593.25,,57,76,1,3593.25,,57,76,1,3593.25,,57,76,1,3593.25,,57,76,3,3593.25,26.6,
22:26:04 06/30/25,58,58,58,58,58,58,,,57,76,4,3593.25,,57,76,5,3593.25,,57,76,1,3593.25,,57,76,2,4641.28,,57,76,0,3713.02,,57,76,5,3713.02,30.5,
22:26:14 06/30/25,57,57,57,57,57,57,,,57,76,1,3593.25,,57,76,3,3593.25,,57,76,2,3593.25,,57,76,4,3593.25,,57,76,3,3593.25,,57,76,2,3593.25,29.8,
22:26:24 06/30/25,58,58,58,58,58,58,,,57,76,2,3593.25,,57,76,3,3593.25,,57,76,1,3593.25,,57,76,1,3593.25,,57,76,1,3593.25,,57,76,4,3593.25,31.2,
22:26:34 06/30/25,57,57,57,57,57,57,,,57,76,4,3593.25,,57,76,4,3593.25,,57,76,0,3593.25,,57,76,5,3593.25,,57,76,1,3593.25,,57,76,6,3593.25,26.4,
22:26:44 06/30/25,58,58,58,58,58,58,,,57,76,1,3593.25,,57,76,2,3593.25,,57,76,0,3713.02,,57,76,2,3713.02,,57,76,0,3713.02,,57,76,4,4641.28,30.4,
22:26:54 06/30/25,58,58,58,58,58,58,,,57,76,2,3633.17,,57,76,0,3633.17,,57,76,0,3633.17,,57,76,1,4541.46,,57,76,0,3633.17,,57,76,3,3633.17,27.6,
22:27:04 06/30/25,59,59,59,59,59,59,,,57,76,3,3593.25,,57,76,3,3593.25,,57,76,0,3593.25,,57,76,1,3593.25,,57,76,0,3593.25,,57,76,3,3593.25,30.9,
22:27:14 06/30/25,58,58,58,58,58,58,,,57,76,4,3593.25,,57,76,1,3593.25,,57,76,1,3593.25,,57,76,0,3593.25,,57,76,1,3593.25,,57,76,1,3713.02,26.8,
22:27:24 06/30/25,58,58,58,58,58,58,,,57,76,4,3593.25,,57,76,0,3593.25,,57,76,0,3593.25,,57,76,2,3593.25,,57,76,0,3593.25,,57,76,3,3593.25,30.9,
22:27:34 06/30/25,58,58,58,58,58,58,,,57,76,0,3713.02,,57,76,2,3713.02,,57,76,0,3713.02,,57,76,0,3713.02,,57,76,0,4641.28,,57,76,2,4641.28,27.1,
22:27:44 06/30/25,57,57,57,57,57,57,,,57,76,0,3593.25,,57,76,2,4641.28,,57,76,0,3713.02,,57,76,1,3713.02,,57,76,2,3713.02,,57,76,3,3713.02,30.6,
22:27:54 06/30/25,57,57,57,57,57,57,,,57,76,1,3653.13,,57,76,4,3653.13,,57,76,1,3653.13,,57,76,2,3653.13,,57,76,2,3653.13,,57,76,4,3653.13,26.9,
22:28:04 06/30/25,63,63,63,63,63,63,,,57,76,0,3593.25,,57,76,2,3593.25,,57,76,0,3593.25,,57,76,1,3593.25,,57,76,0,3593.25,,57,76,4,3593.25,29.2,
22:28:14 06/30/25,59,59,59,59,59,59,,,57,76,1,3713.02,,57,76,3,3713.02,,57,76,0,3713.02,,57,76,0,4641.28,,57,76,0,3713.02,,57,76,1,3713.02,26.4,
22:28:24 06/30/25,57,57,57,57,57,57,,,57,76,0,3593.25,,57,76,2,3593.25,,57,76,2,3593.25,,57,76,1,3593.25,,57,76,1,3593.25,,57,76,4,3593.25,29.9,
22:28:34 06/30/25,57,57,57,57,57,57,,,57,76,3,3693.06,,57,76,1,3693.06,,57,76,0,4616.32,,57,76,1,4616.32,,57,76,0,3693.06,,57,76,2,3693.06,25.9,
22:28:44 06/30/25,63,63,63,63,63,63,,,56,76,23,4616.32,,56,76,19,4616.32,,56,76,17,4616.32,,56,76,20,4616.32,,56,76,18,4616.32,,56,76,12,4616.32,44.4,
22:28:54 06/30/25,66,66,66,66,66,66,,,56,76,32,3593.25,,56,76,12,3593.25,,56,76,7,3593.25,,56,76,23,3593.25,,56,76,8,3593.25,,56,76,9,3593.25,56.3,
22:29:04 06/30/25,67,67,67,67,67,67,,,56,76,8,3593.25,,56,76,5,3593.25,,56,76,1,3713.02,,56,76,9,3713.02,,56,76,1,3713.02,,56,76,2,3713.02,33.5,
22:29:14 06/30/25,66,66,66,66,66,66,,,56,76,18,4641.28,,56,76,16,4641.28,,56,76,4,4641.28,,56,76,15,4641.28,,56,76,8,3713.02,,56,76,8,3713.02,38.8,
22:29:24 06/30/25,70,70,70,70,70,70,,,56,76,31,4641.28,,56,76,18,4641.28,,56,76,14,3713.02,,56,76,24,3713.02,,56,76,20,3713.02,,56,76,12,3713.02,49.6,
22:29:34 06/30/25,78,78,78,78,78,78,,,56,79,24,4591.37,,56,79,21,4591.37,,56,79,20,3673.10,,56,79,26,3673.10,,56,79,22,3673.10,,56,79,28,3673.10,44.9,
22:29:44 06/30/25,78,78,78,78,78,78,,,56,80,33,3713.02,,56,80,25,3713.02,,56,80,14,3713.02,,56,80,35,3713.02,,56,80,22,3713.02,,56,80,17,3713.02,57.7,
22:29:54 06/30/25,78,78,78,78,78,78,,,56,80,35,4641.28,,56,80,22,4641.28,,56,80,15,3713.02,,56,80,31,3713.02,,56,80,15,3713.02,,56,80,8,3713.02,59.0,
22:30:04 06/30/25,85,85,85,85,85,85,,,56,86,46,4466.60,,56,86,40,4466.60,,56,86,36,4466.60,,56,86,49,4466.60,,56,86,38,4466.60,,56,86,20,4491.56,73.7,
22:30:14 06/30/25,73,73,73,73,73,73,,,56,86,7,4641.28,,56,86,10,4641.28,,56,86,2,3713.02,,56,86,12,3713.02,,56,86,5,3713.02,,56,86,5,3713.02,45.0,
22:30:24 06/30/25,76,76,76,76,76,76,,,56,86,31,4541.46,,56,86,25,4541.46,,56,86,9,4541.46,,56,86,18,4541.46,,56,86,16,3633.17,,56,86,7,3633.17,57.6,
22:30:34 06/30/25,74,74,74,74,74,74,,,56,86,20,3593.25,,56,86,12,3593.25,,56,86,5,3593.25,,56,86,14,3593.25,,56,86,8,3713.02,,56,86,5,3713.02,50.7,
22:30:44 06/30/25,71,71,71,71,71,71,,,56,86,22,3593.25,,56,86,18,3593.25,,56,86,9,3593.25,,56,86,12,3593.25,,56,86,10,3593.25,,56,86,10,3593.25,49.6,
22:30:54 06/30/25,70,70,70,70,70,70,,,56,86,15,3713.02,,56,86,12,3713.02,,56,86,3,3713.02,,56,86,18,3713.02,,56,86,10,3713.02,,56,86,6,3713.02,48.5,
22:31:04 06/30/25,70,70,70,70,70,70,,,56,86,17,4641.28,,56,86,16,4641.28,,56,86,8,4641.28,,56,86,18,4641.28,,56,86,9,4641.28,,56,86,11,4641.28,51.3,
22:31:14 06/30/25,70,70,70,70,70,70,,,56,86,10,3593.25,,56,86,10,3593.25,,56,86,3,3593.25,,56,86,11,4641.28,,56,86,7,3713.02,,56,86,9,3713.02,45.8,
22:31:24 06/30/25,70,70,70,70,70,70,,,56,86,9,4641.28,,56,86,5,4641.28,,56,86,4,4641.28,,56,86,9,4641.28,,56,86,4,3713.02,,56,86,5,3713.02,47.7,
22:31:34 06/30/25,82,82,82,82,82,82,,,56,86,15,4641.28,,56,86,10,3693.06,,56,86,5,3693.06,,56,86,28,3693.06,,56,86,8,3693.06,,56,86,11,3693.06,55.3,
22:31:44 06/30/25,76,76,76,76,76,76,,,56,86,17,4466.60,,56,86,16,4466.60,,56,86,6,4466.60,,56,86,29,4466.60,,56,86,6,4466.60,,56,86,6,4466.60,50.1,
22:31:54 06/30/25,82,82,82,82,82,82,,,56,86,35,4566.42,,56,86,7,4566.42,,56,86,1,4566.42,,56,86,21,4566.42,,56,86,2,3653.13,,56,86,3,3653.13,56.0,
22:32:04 06/30/25,81,81,81,81,81,81,,,56,86,9,3668.10,,56,86,4,4641.28,,56,86,4,3713.02,,56,86,12,3713.02,,56,86,6,4641.28,,56,86,12,4641.28,43.2,
22:32:14 06/30/25,79,79,79,79,79,79,,,56,86,18,3713.02,,56,86,9,3713.02,,56,86,6,4641.28,,56,86,12,4641.28,,56,86,7,3713.02,,56,86,5,3713.02,51.6,
22:32:24 06/30/25,76,76,76,76,76,76,,,56,86,17,3668.10,,56,86,15,3668.10,,56,86,11,3668.10,,56,86,13,3668.10,,56,86,14,3668.10,,56,86,7,3668.10,49.4,
22:32:34 06/30/25,70,70,70,70,70,70,,,56,86,11,3668.10,,56,86,12,3668.10,,56,86,4,4641.28,,56,86,14,4641.28,,56,86,10,3713.02,,56,86,10,3713.02,46.8,
22:32:44 06/30/25,73,73,73,73,73,73,,,56,86,29,4566.42,,56,86,17,4566.42,,56,86,15,4566.42,,56,86,26,4566.42,,56,86,18,4566.42,,56,86,11,4566.42,54.4,
22:32:54 06/30/25,82,82,82,82,82,82,,,56,86,15,3613.21,,56,86,9,3613.21,,56,86,2,4516.51,,56,86,42,4516.51,,56,86,7,3613.21,,56,86,5,3613.21,59.1,
22:33:04 06/30/25,83,83,83,83,83,83,,,56,86,46,4541.46,,56,86,20,4541.46,,56,86,8,4541.46,,56,86,17,4541.46,,56,86,11,4541.46,,56,86,16,4566.42,59.8,
22:33:14 06/30/25,83,83,83,83,83,83,,,56,86,17,3653.13,,56,86,8,4566.42,,56,86,9,4566.42,,56,86,31,4566.42,,56,86,7,3653.13,,56,86,4,3653.13,58.4,
22:33:24 06/30/25,79,79,79,79,79,79,,,56,86,19,4641.28,,56,86,17,4641.28,,56,86,5,3713.02,,56,86,14,3713.02,,56,86,11,3713.02,,56,86,8,3713.02,53.6,
22:33:34 06/30/25,73,73,73,73,73,73,,,56,86,23,4641.28,,56,86,13,4641.28,,56,86,11,3713.02,,56,86,13,3713.02,,56,86,11,3713.02,,56,86,11,3713.02,54.7,
22:33:44 06/30/25,73,73,73,73,73,73,,,56,86,21,3668.10,,56,86,15,3668.10,,56,86,9,3668.10,,56,86,15,3668.10,,56,86,17,3668.10,,56,86,11,4566.42,57.0,
22:33:54 06/30/25,73,73,73,73,73,73,,,56,86,22,4641.28,,56,86,16,4641.28,,56,86,12,3713.02,,56,86,23,3713.02,,56,86,19,3713.02,,56,86,12,3713.02,53.0,
22:34:04 06/30/25,72,72,72,72,72,72,,,56,86,17,4641.28,,56,86,13,4641.28,,56,86,9,4641.28,,56,86,12,4641.28,,56,86,8,4641.28,,56,86,9,4641.28,52.9,
22:34:14 06/30/25,73,73,73,73,73,73,,,56,86,19,4641.28,,56,86,13,4641.28,,56,86,11,4566.42,,56,86,14,4566.42,,56,86,15,3653.13,,56,86,8,3653.13,51.8,
22:34:24 06/30/25,74,74,74,74,74,74,,,56,86,18,4641.28,,56,86,14,4641.28,,56,86,6,4641.28,,56,86,9,4641.28,,56,86,9,3713.02,,56,86,8,3713.02,53.7,
22:34:34 06/30/25,76,76,76,76,76,76,,,56,86,19,4641.28,,56,86,11,4641.28,,56,86,4,3713.02,,56,86,22,3713.02,,56,86,5,3713.02,,56,86,12,4641.28,58.0,
22:34:44 06/30/25,75,75,75,75,75,75,,,56,86,18,4591.37,,56,86,8,4591.37,,56,86,8,4591.37,,56,86,20,4591.37,,56,86,9,4591.37,,56,86,12,4591.37,57.8,
22:34:54 06/30/25,77,77,77,77,77,77,,,56,86,11,4641.28,,56,86,12,4591.37,,56,86,8,4591.37,,56,86,23,4591.37,,56,86,4,3673.10,,56,86,8,4591.37,53.6,
22:35:04 06/30/25,76,76,76,76,76,76,,,56,86,26,4616.32,,56,86,18,4591.37,,56,86,11,4591.37,,56,86,23,4591.37,,56,86,21,4591.37,,56,86,15,4591.37,56.8,
22:35:14 06/30/25,76,76,76,76,76,76,,,56,86,20,4591.37,,56,86,12,4591.37,,56,86,9,4566.42,,56,86,21,4566.42,,56,86,9,4566.42,,56,86,13,4566.42,53.3,
22:35:24 06/30/25,78,78,78,78,78,78,,,56,86,20,4641.28,,56,86,10,4641.28,,56,86,9,4616.32,,56,86,14,4541.46,,56,86,9,4541.46,,56,86,10,4541.46,56.5,
22:35:34 06/30/25,76,76,76,76,76,76,,,56,86,19,4566.42,,56,86,12,4566.42,,56,86,8,4566.42,,56,86,17,4566.42,,56,86,11,4591.37,,56,86,9,4591.37,53.1,
22:35:44 06/30/25,75,75,75,75,75,75,,,56,86,21,4641.28,,56,86,11,4641.28,,56,86,7,4641.28,,56,86,16,3673.10,,56,86,8,3673.10,,56,86,11,4591.37,55.5,
22:35:54 06/30/25,75,75,75,75,75,75,,,56,86,19,3668.10,,56,86,12,3668.10,,56,86,10,3668.10,,56,86,17,3668.10,,56,86,10,3668.10,,56,86,9,3668.10,54.8,
22:36:04 06/30/25,76,76,76,76,76,76,,,56,86,23,4616.32,,56,86,13,4616.32,,56,86,8,4616.32,,56,86,14,4616.32,,56,86,10,3693.06,,56,86,11,4591.37,54.7,
22:36:14 06/30/25,77,77,77,77,77,77,,,56,86,20,4566.42,,56,86,12,4566.42,,56,86,7,4591.37,,56,86,15,4591.37,,56,86,11,3673.10,,56,86,10,3673.10,54.2,
22:36:24 06/30/25,77,77,77,77,77,77,,,56,86,22,4566.42,,56,86,13,4566.42,,56,86,9,4566.42,,56,86,23,4566.42,,56,86,13,4566.42,,56,86,13,4566.42,53.3,
22:36:34 06/30/25,79,79,79,79,79,79,,,56,86,23,4541.46,,56,86,19,4541.46,,56,86,8,4541.46,,56,86,24,4541.46,,56,86,19,3633.17,,56,86,17,3633.17,59.1,
22:36:44 06/30/25,77,77,77,77,77,77,,,56,86,18,4541.46,,56,86,11,4541.46,,56,86,7,4541.46,,56,86,12,4541.46,,56,86,6,4541.46,,56,86,14,4541.46,55.3,
22:36:54 06/30/25,81,81,81,81,81,81,,,56,86,36,4516.51,,56,86,12,4516.51,,56,86,4,4516.51,,56,86,26,4516.51,,56,86,11,4516.51,,56,86,5,4516.51,58.8,
22:37:04 06/30/25,85,85,85,85,85,85,,,56,86,30,4466.60,,56,86,8,4466.60,,56,86,5,3573.28,,56,86,33,3573.28,,56,86,5,4491.56,,56,86,7,4491.56,57.9,
22:37:14 06/30/25,84,84,84,84,84,84,,,56,86,47,4516.51,,56,86,15,4516.51,,56,86,8,4516.51,,56,86,19,4516.51,,56,86,10,3613.21,,56,86,7,4516.51,58.1,
22:37:24 06/30/25,84,84,84,84,84,84,,,56,86,33,3613.21,,56,86,13,3613.21,,56,86,7,3613.21,,56,86,30,3613.21,,56,86,9,4516.51,,56,86,6,4516.51,59.3,
22:37:34 06/30/25,78,78,78,78,78,78,,,56,86,36,3673.10,,56,86,18,4641.28,,56,86,13,4641.28,,56,86,14,4641.28,,56,86,17,4591.37,,56,86,13,4591.37,59.3,
22:37:44 06/30/25,78,78,78,78,78,78,,,56,86,38,4566.42,,56,86,31,4566.42,,56,86,15,4566.42,,56,86,37,4566.42,,56,86,17,3653.13,,56,86,18,3653.13,64.7,
22:37:54 06/30/25,78,78,78,78,78,78,,,56,86,31,4341.84,,56,86,17,4366.79,,56,86,13,4366.79,,56,86,29,4366.79,,56,86,16,4416.70,,56,86,15,4416.70,59.4,
22:38:04 06/30/25,77,77,77,77,77,77,,,56,86,25,4591.37,,56,86,16,4591.37,,56,86,11,4591.37,,56,86,21,4591.37,,56,86,17,4591.37,,56,86,10,4591.37,57.9,
22:38:14 06/30/25,79,79,79,79,79,79,,,56,86,43,4566.42,,56,86,27,4541.46,,56,86,22,4566.42,,56,86,33,4566.42,,56,86,27,4566.42,,56,86,20,4566.42,66.1,
22:38:24 06/30/25,77,77,77,77,77,77,,,56,86,17,4566.42,,56,86,15,4566.42,,56,86,9,4566.42,,56,86,25,4566.42,,56,86,8,4566.42,,56,86,11,4566.42,55.3,
22:38:34 06/30/25,77,77,77,77,77,77,,,56,86,32,4541.46,,56,86,15,4541.46,,56,86,9,4541.46,,56,86,26,4541.46,,56,86,13,4541.46,,56,86,12,4541.46,60.7,
22:38:44 06/30/25,79,79,79,79,79,79,,,56,86,39,4541.46,,56,86,20,4541.46,,56,86,9,4541.46,,56,86,19,4541.46,,56,86,11,4541.46,,56,86,10,4541.46,64.3,
22:38:54 06/30/25,78,78,78,78,78,78,,,56,86,21,4591.37,,56,86,9,4591.37,,56,86,9,3673.10,,56,86,17,3673.10,,56,86,11,3673.10,,56,86,7,3673.10,55.0,
22:39:04 06/30/25,77,77,77,77,77,77,,,56,86,28,4591.37,,56,86,20,4591.37,,56,86,13,4591.37,,56,86,27,4591.37,,56,86,15,4591.37,,56,86,14,4591.37,57.5,
22:39:14 06/30/25,77,77,77,77,77,77,,,56,86,23,4641.28,,56,86,15,4641.28,,56,86,11,4616.32,,56,86,21,4616.32,,56,86,14,4616.32,,56,86,9,4616.32,53.5,
22:39:24 06/30/25,81,81,81,81,81,81,,,56,86,30,4541.46,,56,86,23,4541.46,,56,86,16,4541.46,,56,86,32,4566.42,,56,86,19,4566.42,,56,86,17,4566.42,63.4,
22:39:34 06/30/25,80,80,80,80,80,80,,,56,86,32,4466.60,,56,86,30,4466.60,,56,86,19,4591.37,,56,86,35,4591.37,,56,86,24,4541.46,,56,86,20,3633.17,65.4,
22:39:44 06/30/25,86,86,86,86,86,86,,,56,86,36,4391.74,,56,86,22,4391.74,,56,86,13,3513.40,,56,86,29,3513.40,,56,86,20,3513.40,,56,86,64,3513.40,66.8,
22:39:54 06/30/25,82,82,82,82,82,82,,,56,86,39,4541.46,,56,86,14,4541.46,,56,86,6,4541.46,,56,86,23,4541.46,,56,86,10,4541.46,,56,86,6,4541.46,62.2,
22:40:04 06/30/25,82,82,82,82,82,82,,,56,86,30,4641.28,,56,86,11,4541.46,,56,86,3,3633.17,,56,86,32,3633.17,,56,86,11,3633.17,,56,86,8,3633.17,62.7,
22:40:14 06/30/25,79,79,79,79,79,79,,,56,86,33,4441.65,,56,86,25,4441.65,,56,86,20,4441.65,,56,86,29,4466.60,,56,86,19,4466.60,,56,86,19,4466.60,63.6,
22:40:24 06/30/25,78,78,78,78,78,78,,,56,86,25,4641.28,,56,86,17,4641.28,,56,86,19,4641.28,,56,86,25,4641.28,,56,86,15,3713.02,,56,86,19,3713.02,59.2,
22:40:34 06/30/25,78,78,78,78,78,78,,,56,86,26,4566.42,,56,86,22,4591.37,,56,86,14,3673.10,,56,86,31,3673.10,,56,86,16,4591.37,,56,86,18,4591.37,59.9,
22:40:44 06/30/25,78,78,78,78,78,78,,,56,86,28,4516.51,,56,86,32,4516.51,,56,86,17,4516.51,,56,86,21,4516.51,,56,86,17,4516.51,,56,86,16,4516.51,62.0,
22:40:54 06/30/25,79,79,79,79,79,79,,,56,86,30,4541.46,,56,86,13,4541.46,,56,86,8,4566.42,,56,86,21,4566.42,,56,86,18,4566.42,,56,86,11,4566.42,62.4,
22:41:04 06/30/25,79,79,79,79,79,79,,,56,86,30,3713.02,,56,86,21,3713.02,,56,86,15,4641.28,,56,86,25,4566.42,,56,86,14,4566.42,,56,86,15,4566.42,63.7,
22:41:14 06/30/25,79,79,79,79,79,79,,,56,86,30,4541.46,,56,86,19,4541.46,,56,86,17,4541.46,,56,86,25,4541.46,,56,86,20,4516.51,,56,86,13,4516.51,64.1,
22:41:24 06/30/25,80,80,80,80,80,80,,,56,86,35,4516.51,,56,86,33,4516.51,,56,86,20,4541.46,,56,86,40,4541.46,,56,86,26,4541.46,,56,86,23,4541.46,63.3,
22:41:34 06/30/25,80,80,80,80,80,80,,,56,86,36,4466.60,,56,86,23,4516.51,,56,86,16,3613.21,,56,86,31,3613.21,,56,86,16,4466.60,,56,86,23,4466.60,64.5,
22:41:44 06/30/25,80,80,80,80,80,80,,,56,86,24,4641.28,,56,86,24,4641.28,,56,86,20,4641.28,,56,86,34,4641.28,,56,86,19,3713.02,,56,86,18,3713.02,64.2,
22:41:54 06/30/25,80,80,80,80,80,80,,,56,86,26,4641.28,,56,86,24,4641.28,,56,86,13,3713.02,,56,86,29,3713.02,,56,86,12,3673.10,,56,86,16,3673.10,65.1,
22:42:04 06/30/25,80,80,80,80,80,80,,,56,86,30,4566.42,,56,86,17,4566.42,,56,86,15,4566.42,,56,86,30,4566.42,,56,86,21,4566.42,,56,86,18,4566.42,64.4,
22:42:14 06/30/25,83,83,83,83,83,83,,,56,86,39,3613.21,,56,86,21,3613.21,,56,86,12,4441.65,,56,86,27,4441.65,,56,86,19,3553.32,,56,86,9,3553.32,61.6,
22:42:24 06/30/25,78,78,78,78,78,78,,,56,86,23,4591.37,,56,86,17,4591.37,,56,86,11,4591.37,,56,86,22,4591.37,,56,86,15,3673.10,,56,86,12,3673.10,57.7,
22:42:34 06/30/25,76,76,76,76,76,76,,,56,86,21,4641.28,,56,86,15,3693.06,,56,86,10,4616.32,,56,86,25,4616.32,,56,86,13,3693.06,,56,86,13,3693.06,53.8,
22:42:44 06/30/25,76,76,76,76,76,76,,,56,86,26,4516.51,,56,86,14,4516.51,,56,86,10,4516.51,,56,86,19,4516.51,,56,86,11,4516.51,,56,86,13,4516.51,54.5,

Session end:,22:42:53 - June 30 - 2025

